cm_angle.dist_ctr2best.mean,cm_angle.dist_ctr2worst.mean,cm_angle.angle.mean,cm_angle.costs_runtime,cm_grad.mean,cm_grad.costs_runtime,disp.ratio_mean_02,disp.ratio_mean_05,disp.ratio_mean_10,disp.ratio_mean_25,disp.ratio_median_02,disp.ratio_median_05,disp.ratio_median_10,disp.ratio_median_25,disp.diff_mean_02,disp.diff_mean_05,disp.diff_mean_10,disp.diff_mean_25,disp.diff_median_02,disp.diff_median_05,disp.diff_median_10,disp.diff_median_25,disp.costs_runtime,ela_conv.conv_prob,ela_conv.lin_prob,ela_conv.lin_dev.orig,ela_conv.lin_dev.abs,ela_conv.costs_runtime,ela_curv.grad_norm.min,ela_curv.grad_norm.lq,ela_curv.grad_norm.mean,ela_curv.grad_norm.med,ela_curv.grad_norm.uq,ela_curv.grad_norm.max,ela_curv.grad_norm.sd,ela_curv.grad_scale.nas,ela_curv.hessian_cond.nas,ela_curv.costs_fun_evals,ela_curv.costs_runtime,ela_distr.skewness,ela_distr.kurtosis,ela_distr.number_of_peaks,ela_distr.costs_runtime,ela_level.mmce_lda_10,ela_level.mmce_qda_10,ela_level.mmce_mda_10,ela_level.lda_qda_10,ela_level.lda_mda_10,ela_level.qda_mda_10,ela_level.mmce_lda_25,ela_level.mmce_qda_25,ela_level.mmce_mda_25,ela_level.lda_qda_25,ela_level.lda_mda_25,ela_level.qda_mda_25,ela_level.mmce_lda_50,ela_level.mmce_qda_50,ela_level.mmce_mda_50,ela_level.lda_qda_50,ela_level.lda_mda_50,ela_level.qda_mda_50,ela_level.costs_runtime,ela_local.n_loc_opt.abs,ela_local.n_loc_opt.rel,ela_local.best2mean_contr.orig,ela_local.basin_sizes.avg_best,ela_local.basin_sizes.avg_non_best,ela_local.basin_sizes.avg_worst,ela_local.fun_evals.min,ela_local.fun_evals.lq,ela_local.fun_evals.mean,ela_local.fun_evals.median,ela_local.fun_evals.uq,ela_local.fun_evals.max,ela_local.fun_evals.sd,ela_local.costs_fun_evals,ela_local.costs_runtime,ela_meta.lin_simple.adj_r2,ela_meta.lin_simple.intercept,ela_meta.lin_simple.coef.min,ela_meta.lin_simple.coef.max,ela_meta.lin_simple.coef.max_by_min,ela_meta.lin_w_interact.adj_r2,ela_meta.quad_simple.adj_r2,ela_meta.quad_simple.cond,ela_meta.quad_w_interact.adj_r2,ela_meta.costs_runtime,ic.h.max,ic.eps.s,ic.eps.max,ic.eps.ratio,ic.m0,ic.costs_runtime,nbc.nn_nb.sd_ratio,nbc.nn_nb.mean_ratio,nbc.nn_nb.cor,nbc.dist_ratio.coeff_var,nbc.nb_fitness.cor,nbc.costs_runtime
-2.8032629457788008,-0.05478150016681385,-0.0009902788132262759,0.0,0.0012519429265159194,-0.0002700140475604437,0.0,4.7642787789700833e-07,0.16381060042626047,-0.19796503722607756,0.036888242586852756,0.0,-0.018994148872800452,-0.009616689072119499,0.0,0.0,0.0013177525615702525,0.11132480291055102,-0.0005773465345187273,0.0,5.8167052479650244e-09,0.0,-0.44421204511836665,-2.3519072083747505,0.0,-0.017691418005918478,-0.003762212798767414,0.0,-16.458198958373288,1.0831092191163478,0.006714288163706721,-1.5421579002029313,0.0,-0.055094554247545356,-0.003843978826176579,0.0,0.0,0.08794079975024782,-0.5761615614255087,-0.18770328579077955,-0.0011809025384200717,0.005670353663882237,2.7150083836603778,0.0016128555848153037,0.02584777032841237,-0.007420231983948553,-1.9040506354331844e-07,0.0,0.0,-0.47286893595592083,0.019962134074273857,-0.0053339308632019584,0.07490990069725406,-0.0002696690985422379,-2.001237769197898e-06,-0.020571367981653776,-0.04238028628948525,0.054951064754042586,0.0021145784881898572,-0.4980010180662986,-0.0007948023196000078,0.00048509966696802065,0.0,0.0,3.7047154780148954,-0.7047372329156619,0.0,0.0,-0.9714192483276144,0.0016235677984767043,-0.10919449117357255,0.014417444418617519,2.5019514853219827e-06,0.35118906983656495,-0.10524740028760188,-2.1658495208944877,0.0006803570220116847,0.6234161319455759,-0.4429485355804217,0.7118168594682037,-0.04637650722132647,0.16377764306727458,-0.0037873479640612353,-0.20396947203691057,-0.02117247900300158,-0.12069657358644484,0.002383456420797658,-0.0005471682763325547,-0.7325450261946953,0.3256134581743781,0.1953705937054706,-0.008951546645078407,-0.034155930407322586,-0.008864640776697259,-0.07123768106626673,-0.0013606561201889786,0.009481971223502618,-0.018941043156774376,-0.5889859352437464
0.3762414938523674,-0.04049351337466843,0.001293990667261154,0.0,0.0023652003935736524,0.000280508065000806,0.0,6.52664548017983e-07,-0.09793452811279493,-0.04420303617030345,0.03126415146433406,0.0,-0.07042286984134599,-0.015072066602320827,0.0,0.0,0.001998798393217063,-0.014672393953109798,-0.0030805157707778016,0.0,8.594025558960895e-09,0.0,-0.7020862428631067,-1.6010138381183352,0.0,-0.00896693166337268,-0.003762212798767414,0.0,-14.671023166795502,2.5549843697646613,0.006239756423764266,-1.324464821225114,0.0,-0.07166949056328062,-0.009498136706474775,0.0,0.0,0.016256557971261184,-0.3765901690217507,-0.21536071815048652,-0.0009701262233317858,0.00517745447774428,-0.4888401405678491,-0.0009087890758198505,0.05748537365094457,-0.013456552833952574,4.5988997366634005e-07,0.0,0.0,-0.3252038575574415,-0.018815225382848938,-0.0033744020024413512,0.10480789782721592,-0.0001478351355393443,-3.1812726814670504e-06,-0.03918638540850798,0.04170499961849341,-0.16371350375393323,-0.006660665011651558,-0.140928026514259,0.00040564939272365617,0.0005481695711022777,0.0,0.0,-1.7882194807288763,-0.6039832609939662,0.0,0.0,-0.21599615494363691,0.002054871152775299,-0.0703092924670955,0.02353494299006898,3.1216730929187185e-06,0.11908725939426107,0.285987735211505,-0.5943688728211174,0.0009084965988361513,0.23877204834415364,-0.0010052764363252253,0.6763813776599207,-0.021375710341892007,-0.14570698706011692,0.017508885971203408,-0.23709378584890803,-0.01581030117823136,-0.2206285358867949,0.0002830064913846922,0.00733311293704815,-0.18767012875188485,0.25305005999910474,0.130725816452553,-0.01180495572281634,-0.14997066464677838,-0.01497767604207203,-0.12661354081917922,-0.004085768111147581,0.029450407582172995,-0.06614605055326073,-0.21301319237692443
0.04570719201231982,-0.05478150016681385,0.0004883548650956273,0.0,0.0012519429265159194,0.00016500858462027102,0.0,4.7514520801918106e-07,0.16509132708343596,-0.04419583264575826,0.036755191989060285,0.0,-0.018994148872800452,-0.009513014625921652,0.0,0.0,0.0008602918750666439,0.11132480291055102,-0.001429644765266365,0.0,-5.8167052479650244e-09,0.0,2.9481694844874164,-2.3354726907300964,0.0,-0.009212487994996375,-0.003762212798767414,0.0,-20.2308977076222,1.050075744750791,0.006714288163706721,-1.327620683560963,0.0,-0.07138888223591983,-0.003843978826176579,0.0,0.0,0.08794079975024782,-0.6020043462182023,-0.2457594409769377,0.0035238578878972436,0.005825009314487074,-0.40558369793147003,0.000945861990716855,0.024618057856739182,-0.006701127613877679,-1.9040506354331844e-07,0.0,0.0,-0.5344853223738601,0.02019522999389428,-0.0046409313250728515,0.10656151821052792,0.0002696690985422457,-2.001237769197898e-06,-0.020532920062934144,-0.031088520993291964,0.05489833541750662,-0.0020302131081733916,-0.498036054419353,-0.0004904989765197119,0.0005117458795501139,0.0,0.0,3.67386824712465,-0.6279854178045153,0.0,0.0,-0.9725756913582462,0.002054871152775299,-0.11021405482211837,0.014417444418617519,1.0424797855508244e-05,0.35391423322634585,-0.07567156072971877,-2.1658495208944877,-0.01423311654082526,0.6810942373968912,-0.0023773956631979176,0.8092142333063346,-0.04637650722132647,-0.14880544330810677,-0.00186470335511316,-0.17718289662783004,0.004880269590385047,-0.1432913078836399,0.0005925546132065024,0.003454193866027605,-0.7255648008541904,0.3256134581743781,0.1982535920826118,0.003224933387330836,-0.027401648618619684,-0.008400786004237704,-0.06757844239133093,-0.0013606561201889786,0.0051160372559721015,-0.018941043156774376,-0.5890539235698542
0.0461414483688551,-0.11185877048405152,0.0005801962395834582,0.0,0.0012519429265159194,0.00016500858462027102,0.0,4.7642787789700833e-07,-0.09798546363258218,-0.0463500996444233,0.03647458366169949,0.0,-0.018994148872800452,-0.009513014625921652,0.0,0.0,0.0009031347829212818,0.11132480291055102,-0.001429644765266365,0.0,5.8167052479650244e-09,0.0,2.9481694844874164,-1.4163426283025855,0.0,-0.009107733568414315,-0.003762212798767414,0.0,-18.85607349720074,1.0849239031210942,0.006714288163706721,-1.0248012895663887,0.0,-0.1118803601388146,-0.003873311961119675,0.0,0.0,0.08794079975024782,-1.456661942271221,-0.2457594409769377,0.0035238578878972436,0.005825009314487074,-0.41463711632506056,0.000945861990716855,0.02584777032841237,-0.0066981916417690876,-1.9040506354331844e-07,0.0,0.0,-0.38082969644779807,-0.018568290492597395,-0.007138750249905568,-0.10123175121522959,-0.0002696690985422379,-2.001237769197898e-06,-0.02057094314119278,-0.04238028628948525,0.05489833541750662,0.001218127864904034,-0.4722376549000658,0.00021248944632318393,0.0007699611769479491,0.0,0.0,11.289823146347558,-0.6278611245749868,0.0,0.0,-0.9483544282589659,0.003059518641604829,-0.11203224204780624,0.014417444418617519,2.5019514853219827e-06,0.3505218589784073,-0.0787229657944997,-30.788580323805053,0.0007077561841135688,2.6489503361899667,-0.006379672452956238,0.7677957155285111,-0.021375710341892007,-0.16625076298881866,0.002509578135707711,-0.1821788791903834,-0.015339299499772417,-0.149299017499131,0.0005925546132065024,0.009086286352480127,-0.045446464760959426,0.3256134581743781,0.1951657057927628,0.003780723717075228,-0.036080439700099616,-0.00842407011027334,-0.07123768106626673,-0.0013606561201889786,0.009502805035887525,-0.019555571961819285,16.478482479055664
0.04570719201231982,-0.11185877048405152,0.0005801962395834582,0.0,0.0012519429265159194,-0.0002700140475604437,0.0,4.7642787789700833e-07,-0.09726503998871963,-0.04418106220598732,0.03647458366169949,0.0,-0.018994148872800452,-0.009616689072119499,0.0,0.0,0.0009031347829212818,0.11132480291055102,-0.001429644765266365,0.0,5.8167052479650244e-09,0.0,-0.7020509448826181,-2.360863680021799,0.0,-0.0088313487983687,-0.003762212798767414,0.0,-15.52354967558514,1.032854646986747,0.006239756423764266,-1.2333763778077327,0.0,-0.1118803601388146,-0.0038429065443415463,0.0,0.0,0.08794079975024782,-1.5228831099578553,-0.2582016526066932,-0.0007047715775794503,0.00401149529831811,-0.4955822140971107,-0.0009134896709448795,0.026812555846223295,-0.007073183817125012,-1.9040506354331844e-07,0.0,0.0,-0.5468096195245493,-0.018568290492597395,-0.007861977234373228,-0.10040729329406864,-0.0002696690985422379,-2.001237769197898e-06,-0.02048330756035273,0.018222650925509738,-0.1641977909022515,-0.0035242974803164316,-0.49811692831775517,0.00021248944632318393,0.0005596246362257291,0.0,0.0,3.9203472131895807,-0.6039832609939662,0.0,0.0,-0.9706435462779857,0.003059518641604829,-0.10839802870048891,0.014417444418617519,2.5019514853219827e-06,0.3505218589784073,-0.14563179418369546,-2.165205224411897,0.0007187791162062886,0.6222208644478614,-0.006379672452956238,0.7681768547251389,-0.021375710341892007,-0.16452212312496345,0.018694474684858218,-0.21495233460805413,-0.009415606669436498,-0.11520461204913525,0.0006156815151959591,0.003454193866027605,-0.05681299901030146,0.25305005999910474,0.2025783779993732,-0.006641693688302657,-0.027401648618619684,-0.008963940704994495,-0.06268330178397,-0.002133308068014164,0.005986992449962737,-0.019555571961819285,-0.5892581817773874
-0.14073027799287338,-0.04049351337466843,-0.01726942913965704,0.0,0.0023652003935736524,-0.0004590131972740445,0.0,4.7481509085748966e-07,0.1762301620302544,-0.0441957918133981,0.03132117314910226,0.0,-0.07463587618958283,-0.015290257917647173,0.0,0.0,0.001961895032465794,-0.01904585222499354,-0.003932814001525439,0.0,5.793506998601195e-09,0.0,-0.7020774452032602,-1.7284166685775033,0.0,-0.0172854186643856,-0.003762212798767414,0.0,-16.231754185711612,2.567870389686272,0.006714288163706721,-1.5722614779023887,0.0,-0.07869157514892691,-0.003876721210946765,0.0,0.0,0.016256557971261184,-0.30635190537699564,0.5737689952118249,-0.005246745435887719,0.0026534452109354886,-0.48457989266543616,-0.0015769554492530563,0.059395919106096276,-0.006660448431661182,1.1570604686633908e-07,0.0,0.0,-0.3252038575574415,0.01923361970091797,-1.2971669256990614e-05,-0.07047409647790583,-0.0001478351355393443,7.305391642620226e-06,-0.03946658632787469,-0.10249912294957862,0.05489859344172428,-0.02766877469848819,-0.12842824068110759,-0.002158760736755225,0.0006801846045322003,0.0,0.0,-2.307863948597768,-0.7567649096552548,0.0,0.0,-0.21206511453179827,0.002239715447474696,-0.08122314077998416,0.02353494299006898,5.09191547819087e-06,0.11461477219447982,-0.17677544371181028,-0.5650964174336668,0.0018841587032003364,0.3019517287875143,-0.008505257982390504,0.7587874568929426,-0.04637650722132647,0.19575326039601726,-0.011702377025889023,0.0061947299932788025,-0.04081213683748675,0.4333520415306963,0.0002905457778696421,0.00733311293704815,-0.18672446907405563,0.3256134581743781,0.1093479111805837,-0.06773298647350043,-0.12983973220560097,-0.04763263601250559,-0.15252106261803072,-0.0021808657674436127,0.06991264996695554,-0.07408612812131206,-0.21396214281157352
-0.14073027799287338,-0.04049351337466843,0.0019207031564025374,0.0,0.0023652003935736524,0.000280508065000806,0.0,4.7354008916071386e-07,0.18587224743594283,-0.0441957918133981,0.02969488739160305,0.0,-0.07463587618958283,-0.015072066602320827,0.0,0.0,0.00295688798366441,-0.01904585222499354,-0.001429644765266365,0.0,-5.793506998601301e-09,0.0,-0.7020172410359006,-1.4342920447689191,0.0,-0.009120014346558538,-0.003762212798767414,0.0,-15.937508216123375,2.547149829068849,0.006714288163706721,-1.5060232781903355,0.0,-0.07138888223591983,-0.003869292231030348,0.0,0.0,0.016256557971261184,-0.37689546767439724,-0.21536071815048652,0.009885741385913853,0.007497681876352684,-0.4889272521258315,0.0009457956153722108,0.0553080901737837,-0.007374987321205044,-1.1570604686617645e-07,0.0,0.0,-0.290383996289133,-0.010988141194389012,0.005518400001831125,0.1050695767224931,0.0001478351355393443,-1.99237953889643e-06,-0.0394656192963253,-0.10249912294957862,0.05495096486344604,-0.02766877469848819,-0.1238077183756448,0.0005623007029233883,0.0006325555913815385,0.0,0.0,-5.415129228158976,-0.7567649096552548,0.0,0.0,-0.21147419135026504,0.002054871152775299,-0.0846202112879709,0.02353494299006898,3.758337269707017e-05,0.11908738147858894,0.2932528134885089,-4.165236854699917,-0.0446573242659143,0.7050427384140916,-0.0010052764363252253,0.7985293024429936,-0.04637650722132647,-0.14902878095522729,-0.010537956116430248,0.014183920795842409,-0.04080429144973598,0.417462692577961,0.002073465578086455,0.00733311293704815,-0.187225421173637,0.3256134581743781,0.10873998606141509,-0.05022350546816262,-0.13155362697040437,-0.04793915233636246,-0.15252106261803072,-0.0021808657674436127,0.050979684179358255,-0.07426073763802186,5.944495442107892
-0.31526497340777343,0.05478150016681391,0.0005801962395834582,0.0,0.0012519429265159194,-0.00016014878077382535,0.0,4.7514520801918106e-07,0.16693712493410615,-0.030679359148655286,0.036755191989060285,0.0,-0.012692355014538501,0.006802048368084521,0.0,0.0,0.0009031347829212818,0.9400555098786268,-0.001429644765266365,0.0,-5.8167052479650244e-09,0.0,-0.702077934590342,-1.6497745809084554,0.0,-0.009120014346558538,-0.003762212798767414,0.0,-15.496413114044797,1.5550314744215132,0.006714288163706721,-1.5416807041702434,0.0,-0.07138888223591983,-0.003844220597163526,0.0,0.0,0.08794079975024782,-0.6638110557839627,-0.25844305100510906,-0.0007047715775794503,0.005825009314487074,-0.276515124606975,0.000945861990716855,0.02584777032841237,-0.006704198651844701,1.9040506354288476e-07,0.0,0.0,-0.5468096195245493,0.02017683060605635,-0.0038153985578192953,0.10571813085728336,-0.0002696690985422379,-2.001237769197898e-06,-0.020519080821494916,-0.031088520993291964,0.054895246001328765,0.001218127864904034,-0.4952345656100943,0.00021248944632318393,0.0007699611769479491,0.0,0.0,1.4155986563015175,-0.7669832258726802,0.0,0.0,-0.9717843259199741,0.002054871152775299,-0.10919421602672169,0.014417444418617519,2.5019514853219827e-06,0.21804792063989098,-0.13674075211153905,-2.1658495208944877,0.0007730974387541999,0.6456802465149315,-0.02152700344201708,0.8092142333063346,-0.04637650722132647,-0.14848289746842086,-0.00186470335511316,-0.19554970825750234,0.004880269590385047,-0.14823512247375584,0.0005925546132065024,0.008238280301677697,-0.8136567979958984,0.3256134581743781,0.19194067282918825,0.005409815697438161,-0.02372619835249714,-0.008446506403713213,-0.06757844239133093,-0.0013606561201889786,0.009516296604717624,-0.006117702755620888,-0.5892581817773874
-0.3439069293592207,0.11185877048405146,0.0017125939841050332,0.0,0.0012519429265159194,-0.0002700140475604437,0.0,3.832559706217001e-07,-0.0949002243525193,-0.02959105880866514,0.036888242586852756,0.0,-0.018994148872800452,-0.009616689072119499,0.0,0.0,0.0026394602242194453,0.11132480291055102,-0.0005773465345187273,0.0,4.305782227101354e-09,0.0,-0.7020460603658618,-2.3441658418402196,0.0,-0.016625654180471714,-0.003762212798767414,0.0,-15.686254304408346,1.0823280511566906,0.006714288163706721,-1.4337841908576106,0.0,-0.055094554247545356,-0.002069384227911742,0.0,0.0,0.08794079975024782,-1.9130596220148661,-0.2582016526066932,-0.0012338666475961509,0.0029300569630335907,-0.2673804512314545,-0.00158121216030499,0.02558284337455011,-0.004422885868497102,1.1570604686606803e-07,0.0,0.0,-0.5468096195245493,-0.01894918997431247,-0.0013983312093513514,0.07490990069725406,-0.0002696690985422379,-1.4242931956357377e-06,-0.020571367981653776,-0.04238028628948525,-0.16512126212214645,-0.004243925274238537,-0.49331111775853065,0.0005125933657317769,0.0006108558045673875,0.0,0.0,3.9097377951474743,-0.6159555316196222,0.0,0.0,-0.9717382807573978,0.0016235677984767043,-0.1115314923723981,0.014417444418617519,3.7376247724152487e-06,0.35118913814092634,-0.14149425994169174,-2.1658495208944877,0.0013648632086878856,0.5936939976391148,-0.02537000387049366,0.5780900899906697,-0.021375710341892007,0.16246973974664586,0.012397548585089279,-0.14022985896062967,-0.021078884440646185,0.21292760395896357,0.0006199164752918972,0.0038341681779959016,-0.019403227147838265,0.2513682681445317,0.1953705937054706,-0.022058763887637466,-0.03721560505854991,-0.021256416431220077,-0.07123768106626673,-0.002133308068014164,0.0016157978486562377,-0.019555652100573723,-0.5894453339243031
1.1639561384617305,-0.11185877048405152,0.0008728252916397228,0.0,0.0012519429265159194,-0.0002700140475604437,0.0,4.7514520801918106e-07,0.1784245492634174,-0.4614134371495333,0.036755191989060285,0.0,-0.018250143385541887,-0.009616689072119499,0.0,0.0,0.001297598573073051,0.11209720549340824,-0.001429644765266365,0.0,-5.8167052479650244e-09,0.0,-0.4442456703786495,-2.351089959639924,0.0,-0.009120014346558538,-0.003762212798767414,0.0,-23.806835416615034,1.1018543525380189,0.006239756423764266,-1.1545700290178726,0.0,-0.07138888223591983,-0.003873311961119675,0.0,0.0,0.08794079975024782,-1.5228831099578553,-0.18770328579077955,-0.0007047715775794503,0.004011464423111018,5.936482446409925,0.0009422677995819459,0.026812555846223295,-0.007070917398368891,-1.9040506354331844e-07,0.0,0.0,-0.47286893595592083,-0.010715222089294554,-0.008726716080760283,0.1050695767224931,-0.0002696690985422379,-2.001237769197898e-06,-0.02048330756035273,0.018222650925509738,-0.1641977909022515,-0.0020302131081733916,-0.4980018359229278,0.0002980508698500028,0.00048509966696802065,0.0,0.0,3.666378651274348,-0.36675453641611616,0.0,0.0,-0.9706451029458225,0.002054871152775299,-0.1112357795747226,0.014417444418617519,2.5019514853219827e-06,0.3537181883970383,-0.02488739599541402,-2.165205224411897,0.0007106004307133975,0.609018078006241,-0.08932795721210343,0.7985293024429936,-0.04637650722132647,-0.14618515460017015,0.014320193194037361,-0.1975698730362389,-0.003582427166207334,-0.10898965378870167,0.0006156815151959591,-0.005239812235728225,-0.03624179815185857,0.25305005999910474,0.2025783779993732,-0.009580635440051529,-0.03820503513005551,-0.00917340891587881,-0.06268330178397,-0.002133308068014164,0.005983723633681333,-0.017601659439015288,-0.5889859352437464
0.0461414483688551,0.05478150016681391,0.0004883548650956273,0.0,0.0012519429265159194,0.00016500858462027102,0.0,4.7642787789700833e-07,-0.10045238952944227,-0.0463500996444233,0.038605064389152094,0.0,-0.018994148872800452,-0.009513014625921652,0.0,0.0,0.0007611100967262613,0.11132480291055102,-0.0030805157707778016,0.0,5.8167052479650244e-09,0.0,2.9481694844874164,-2.3352183623136176,0.0,-0.009452825286582416,-0.003762212798767414,0.0,-19.9264345995104,1.0503300731672702,0.006714288163706721,-1.0248350688969299,0.0,-0.11240116702978298,-0.003844220597163526,0.0,0.0,0.08794079975024782,-0.6770373168145584,-0.2457594409769377,-0.0007047715775794503,0.005825009314487074,-0.4146391299613219,0.000945861990716855,0.024618057856739182,-0.006701112973216407,1.9040506354288476e-07,0.0,0.0,-0.5344853223738601,-0.01853005474909139,-0.007709954600679893,-0.10012668496670785,-0.0002696690985422379,-2.001237769197898e-06,-0.020532920062934144,-0.031088520993291964,0.05489833541750662,0.001218127864904034,-0.4953075766074728,0.00018393711619489188,0.0006644780849903033,0.0,0.0,3.7107131394587274,-0.6278611245749868,0.0,0.0,-0.9724751109889788,0.003059518641604829,-0.1102137796752675,0.014417444418617519,1.0424797855508244e-05,0.3505218589784073,-0.08235955862039929,-2.1658495208944877,-0.014853306497932322,0.6798609548337776,-0.006379672452956238,0.7677619361979697,-0.021375710341892007,-0.16581327456688635,0.001988771244739347,-0.17787936497982632,0.004880269590385047,-0.14403541924075924,0.0005925546132065024,0.009086286352480127,-0.8016570294213086,0.3256134581743781,0.1982535920826118,0.004838611346663836,-0.027401648618619684,-0.008401052013445778,-0.06757844239133093,-0.0013606561201889786,0.0051160372559721015,-0.019555571961819285,-0.5890539235698542
-0.3439069293592207,-0.11185877048405152,0.0005801962395834582,0.0,0.0012519429265159194,0.00016500858462027102,0.0,4.7642787789700833e-07,-0.09721498005500803,-0.02957894781754619,0.03647458366169949,0.0,-0.018994148872800452,-0.009513014625921652,0.0,0.0,0.0008713081656349073,0.11132480291055102,-0.001429644765266365,0.0,5.8167052479650244e-09,0.0,2.948230099455423,-2.335175560477259,0.0,-0.008738875149930863,-0.003762212798767414,0.0,-19.53238004328922,1.0761250278931094,0.006239756423764266,-1.0510636205441328,0.0,-0.1118803601388146,-0.003880373023953477,0.0,0.0,0.08794079975024782,-1.5384248375385339,-0.2457594409769377,0.0035238578878972436,0.00401149529831811,-0.1991074907431356,-0.0009098954798099704,0.024618057856739182,-0.00741572986911235,1.9040506354288476e-07,0.0,0.0,-0.5344853223738601,-0.018600117109883768,-0.007861977234373228,-0.1012506806473132,-0.0002696690985422379,-2.001237769197898e-06,-0.02057094314119278,-0.048410909009958,-0.16510124493161615,-0.0020302131081733916,-0.4981159075948595,0.00021248944632318393,0.0005596246362257291,0.0,0.0,3.969691973998489,-0.48549424791430973,0.0,0.0,-0.9716886278123205,0.003059518641604829,-0.1102510043838925,0.014417444418617519,2.5019514853219827e-06,0.3505218589784073,-0.08665799822532642,-2.1658495208944877,0.0006801697384700554,0.6810562223314921,-0.025529280231775413,0.7681768547251389,-0.021375710341892007,-0.16455394974224982,0.002509578135707711,-0.1833263303259004,-0.021077856604195578,-0.14707483239884162,0.002383456420797658,0.0038341681779959016,-0.04635610901302134,0.25305005999910474,0.1951657057927628,0.0039065729134434455,-0.03398282782833209,-0.00844703924901538,-0.07123768106626673,-0.0013606561201889786,0.010591424736409734,-0.019555571961819285,-0.5892581817773874
-0.14073027799287338,-0.04049351337466843,0.0031720299030675433,0.0,0.0023652003935736524,0.000280508065000806,0.0,4.937461691641186e-07,-0.08751714282744341,-0.0441811055382879,0.021425000684603106,0.0,-0.07463587618958283,-0.015072066602320827,0.0,0.0,0.004580939476341449,-0.01904585222499354,0.0001645901901646124,0.0,5.793506998601195e-09,0.0,2.948201494175091,-1.7872023603918366,0.0,-0.01672450174508284,-0.003762212798767414,0.0,-19.91948195702522,2.2673694522517147,0.010382966592724627,-1.1527855160339322,0.0,-0.0733003214536106,-0.003868327544976093,0.0,0.0,0.016256557971261184,-0.3452247279470842,-0.202918506520731,-0.001977148277182765,-0.0020893201926963888,-0.4013380055707157,-0.0016020442177530902,0.06180979226808809,-0.007027052463917162,1.1570604686633908e-07,0.0,0.0,-0.31287956040675236,-0.01956159411129038,0.001483625737736076,-0.07259634644963132,-0.0001478351355393443,-1.99237953889643e-06,-0.03918638540850798,0.03946261047906276,-0.1641949665834569,-0.008356183290163383,-0.12909403247950843,0.0008095352762832105,0.0006801846045322003,0.0,0.0,-1.816763051520409,-0.5270896845681932,0.0,0.0,-0.21267974743225093,0.0016235677984766973,-0.07921566483593759,0.02353494299006898,5.09191547819087e-06,0.11461477219447982,0.34521279657916965,-0.5943688728211174,0.0022765535816621834,0.17252627381848884,-0.008505257982390504,0.6275815979975625,-0.021375710341892007,0.364723597074575,-0.0017587695357091197,-0.05236472396833408,-0.0059074505575172544,0.39882295133554935,0.0003135156996774334,0.00733311293704815,-0.1753687333472458,0.2011641445741382,0.130725816452553,-0.059232234652247716,-0.11867672380863424,-0.04965285582896746,-0.12661354081917922,-0.004085768111147581,0.048068474378139346,-0.07470074574827748,-0.21396214281157352
0.18021373189389817,0.11185877048405146,0.0008728252916397228,0.0,0.0012519429265159194,-0.0002700140475604437,0.0,4.7642787789700833e-07,0.17803248214289807,-0.04419583264575826,0.03669817030429208,0.0,-0.018250143385541887,-0.009616689072119499,0.0,0.0,0.001354215395798852,0.11209720549340824,-0.0005773465345187273,0.0,5.8167052479650244e-09,0.0,-0.702077934590342,-2.322642948373577,0.0,-0.017679137227774255,-0.003762212798767414,0.0,-15.979266568152497,1.1175150947137957,0.006714288163706721,-1.5647884132515444,0.0,-0.07837216565950893,-0.0038679955457996996,0.0,0.0,0.08794079975024782,-1.909790238019019,-0.2582016526066932,0.0035238578878972436,0.005825009314487074,-0.48423328421372047,0.0016128555848153037,0.024618057856739182,-0.006701582198784456,-1.9040506354331844e-07,0.0,0.0,-0.5468096195245493,-0.010658605266568755,-0.004438124314790699,-0.07107207518999059,-0.0002696690985422379,-2.001237769197898e-06,-0.02053334490339514,-0.031088520993291964,0.05493508625354278,0.0021145784881898572,-0.4955004038913876,0.0002980508698500028,0.0006174754531732072,0.0,0.0,3.81099596111966,-0.7571024867577724,0.0,0.0,-0.9714737916051885,0.002239715447474696,-0.11023807154174149,0.014417444418617519,2.5019514853219827e-06,0.34931712711275376,-0.13092248867113873,-2.1658495208944877,0.00072630003529535,0.6234161319455759,-0.008913164411914625,0.7437715667494607,-0.04637650722132647,0.20783750887317337,-0.0010407128084211174,-0.21183921251685894,0.004856252870761926,-0.11978969875583899,0.0005925546132065024,0.003454193866027605,-0.01913548964752887,0.3257609915317206,0.19845847999531963,-0.0066281560278179125,-0.04030264700182304,-0.008999310052588867,-0.06757844239133093,-0.0013606561201889786,0.005268900571585529,-0.017601659439015288,-0.5889859352437464
0.04570719201231982,-0.11185877048405152,-0.004649684141905575,0.0,0.0012519429265159194,0.00016500858462027102,0.0,4.954690544901868e-07,0.1791278108384789,-0.04419583264575826,0.0383814777465595,0.0,-0.018994148872800452,-0.009513014625921652,0.0,0.0,0.0006150678630547452,0.11132480291055102,-0.003932814001525439,0.0,5.8167052479650244e-09,0.0,-0.7020135549470149,-2.3546728242776824,0.0,-0.0172854186643856,-0.003762212798767414,0.0,-15.891040118768089,1.0286711956406203,0.006239756423764266,-1.5723713618593778,0.0,-0.07869157514892691,-0.0038814453057885094,0.0,0.0,0.08794079975024782,-1.5241491450211109,-0.2582016526066932,0.0035238578878972436,0.004011464423111018,-0.4844582848251998,-0.0015804832650433281,0.02584777032841237,-0.007456698519279146,1.9040506354288476e-07,0.0,0.0,-0.5468096195245493,-0.010658605266568755,-0.006910060216043082,-0.07047409647790583,-0.0002696690985422379,-2.001237769197898e-06,-0.020482882719891734,0.018222650925509738,-0.16458447270351523,-0.0020302131081733916,-0.4980006464355019,0.0002980508698500028,0.00048509966696802065,0.0,0.0,3.896530248180162,-0.6039832609939662,0.0,0.0,-0.9705982864280525,0.002239715447474696,-0.11203985847463727,0.014417444418617519,2.5019514853219827e-06,0.34924557911898313,-0.1341678651249052,-2.165205224411897,0.0006176943983834365,0.6810562223314921,-0.008505257982390504,0.7467304068027288,-0.04637650722132647,0.20650503584814833,-0.0013601222978391093,-0.1922854563764076,-0.0035903187398892214,-0.1444317052523996,0.00196717218498743,0.003454193866027605,-0.05718700319235398,0.25305005999910474,0.2023734900866654,0.003919979945746231,-0.036080439700099616,-0.008480794609740612,-0.06268330178397,-0.0013606561201889786,0.01496429790939622,-0.019115741770489192,-0.5880996275723259
1.0294495985801524,-0.11185877048405152,0.0004883548650956273,0.0,0.0012519429265159194,-0.0002700140475604437,0.0,4.7642787789700833e-07,0.1658573604149219,-0.4614134371495333,0.03647458366169949,0.0,-0.018994148872800452,-0.009616689072119499,0.0,0.0,0.0008358397178832098,0.11132480291055102,-0.001429644765266365,0.0,5.8167052479650244e-09,0.0,-0.44421204511836665,-2.3519072083747505,0.0,-0.009218861911169662,-0.003762212798767414,0.0,-23.970235913903952,1.0268565116358739,0.006239756423764266,-1.0683941188968136,0.0,-0.1118803601388146,-0.003844220597163526,0.0,0.0,0.08794079975024782,-1.523960010663796,-0.18770328579077955,0.0035238578878972436,0.005825009314487074,5.929703042979167,0.000945861990716855,0.02584777032841237,-0.007420213605737715,1.9040506354288476e-07,0.0,0.0,-0.47286893595592083,0.020170777836710868,-0.004818972331787099,-0.1010658478835446,-0.0002696690985422379,-2.001237769197898e-06,-0.02048330756035273,0.018222650925509738,0.054951064754042586,0.001218127864904034,-0.4980345678992462,-0.0004904989765197119,0.0005117458795501139,0.0,0.0,3.899367474960633,-0.5178543932228318,0.0,0.0,-0.9706090485561528,0.003059518641604829,-0.10919421602672169,0.014417444418617519,1.0424797855508244e-05,0.3506274870194216,-0.02739924952342647,-2.165205224411897,-0.0146046164182114,0.6798609548337776,-0.09535090736352472,0.9019396946967015,-0.04637650722132647,-0.16460604645884844,0.002509578135707711,-0.1669028456967668,-0.009415606669436498,-0.1447225538322365,0.002383456420797658,-0.005239812235728225,-0.03612717068447646,0.3272952500289511,0.2025783779993732,0.0037673166847724355,-0.027374724317542867,-0.008378615720005905,-0.06268330178397,-0.0013606561201889786,0.009481971223502618,-0.018941043156774376,-0.5880316392462182
1.0294495985801524,0.11185877048405146,0.0005801962395834582,0.0,-0.0012519429265159263,0.00016500858462027102,0.0,4.7642787789700833e-07,-0.08763883727419383,-0.4613986667097625,0.038324456061791315,0.0,-0.018994148872800452,-0.009513014625921652,0.0,0.0,0.0008713081656349073,0.11132480291055102,-0.0030805157707778016,0.0,5.8167052479650244e-09,0.0,-0.44427266008637334,-1.398155627726529,0.0,-0.009459199202755703,-0.003762212798767414,0.0,-22.661481001569364,1.0209333155672333,0.006239756423764266,-1.0065805837102235,0.0,-0.07166949056328062,-0.0038722396792846424,0.0,0.0,0.08794079975024782,-1.8416877232977036,-0.18770328579077955,-0.0007047715775794503,0.00401149529831811,5.936551871594756,0.000945861990716855,0.026116212371663096,-0.0066975146133174835,-1.9040506354331844e-07,0.0,0.0,-0.3192133100298586,0.03618867517964608,-0.004538625542286956,0.10627090942848146,-0.0002696690985422379,-2.001237769197898e-06,-0.020482882719891734,0.018222650925509738,-0.16515397426815215,-0.0020302131081733916,-0.47551647941134373,0.00021248944632318393,0.0005596246362257291,0.0,0.0,11.387527911376885,-0.36675453641611616,0.0,0.0,-0.9491422709233558,0.002054871152775299,-0.11318093289875554,0.014417444418617519,2.5019514853219827e-06,0.3539142342298323,-0.03167798245995724,-30.787936027322463,0.0006801697384700554,2.578107459362429,-0.09070007643897612,0.7002362498581859,-0.021375710341892007,-0.14660416694502817,-0.0021453116824739563,-0.19804540279604335,-0.003582427166207334,-0.10955574823009966,0.0005925546132065024,-0.005547970452957851,0.0021837195750190608,0.25305005999910474,0.2023734900866654,-0.009580635440051529,-0.027374724317542867,-0.009063190596569385,-0.06268330178397,-0.0013606561201889786,0.010591424736409734,-0.019135053730896398,16.478482479055664
-2.8032629457788008,0.11185877048405146,0.0005801962395834582,0.0,0.0012519429265159194,-0.0002700140475604437,0.0,4.7642787789700833e-07,-0.09721498005500803,-0.19796503722607756,0.03647458366169949,0.0,-0.018994148872800452,-0.009616689072119499,0.0,0.0,0.0010063843018508572,0.11132480291055102,-0.001429644765266365,0.0,5.8167052479650244e-09,0.0,-0.44426496877731325,-2.338020055871783,0.0,-0.008738875149930863,-0.003762212798767414,0.0,-16.035211531271166,1.078349487723272,0.006239756423764266,-1.1419243312254088,0.0,-0.1118803601388146,-0.003873553732106622,0.0,0.0,0.08794079975024782,-1.9099996106355037,-0.18770328579077955,0.0035238578878972436,0.005825009314487074,2.6997950124381096,-0.0009368703629901373,0.024618057856739182,-0.006690481954498162,1.9040506354288476e-07,0.0,0.0,-0.47286893595592083,-0.01862593585853109,-0.007709954600679893,-0.1012506806473132,-0.0002696690985422379,-2.001237769197898e-06,-0.020571367981653776,-0.048410909009958,0.05489768846310235,0.001218127864904034,-0.4981178782486099,-0.0005666385235284907,0.0005596246362257291,0.0,0.0,4.062130330981811,-0.703055441061089,0.0,0.0,-0.9714751006267937,0.003059518641604829,-0.11305153054950119,0.014417444418617519,2.5019514853219827e-06,0.3505218589784073,-0.11486057471677784,-2.1658495208944877,0.0007146274705864583,0.6798609548337776,-0.44310781194170357,0.7681768547251389,-0.021375710341892007,-0.16441887360603388,0.002509578135707711,-0.18769726500013534,-0.015339299499772417,-0.14899862664888214,0.0005925546132065024,-0.0005471682763325547,-0.014271347611789276,0.3272952500289511,0.1953705937054706,0.003209519366300903,-0.03398282782833209,-0.00841232361830801,-0.07123768106626673,-0.0013606561201889786,0.005088665811024386,-0.019555571961819285,-0.5892581817773874
0.18021373189389817,-0.11185877048405152,0.0005801962395834582,0.0,0.0012519429265159194,0.00016500858462027102,0.0,4.7514520801918106e-07,0.18214691258346888,-0.04419583264575826,0.03759559127849499,0.0,-0.018250143385541887,-0.009513014625921652,0.0,0.0,0.0009031347829212818,0.11209720549340824,-0.0023638778835487276,0.0,-5.8167052479650244e-09,0.0,-0.7020702432812819,-2.3225850171296867,0.0,-0.00907168608995474,-0.003762212798767414,0.0,-15.875530833739788,1.1431051615269272,0.006714288163706721,-1.4183892517119905,0.0,-0.11240116702978298,-0.003864003262944947,0.0,0.0,0.08794079975024782,-1.5372302378396518,-0.2582016526066932,-0.0007047715775794503,-0.013163352739680174,-0.4955760035819858,-0.0009368703629901373,0.024618057856739182,-0.0066915357192230945,1.9040506354288476e-07,0.0,0.0,-0.5468096195245493,-0.010546454897159288,-0.007709954600679893,-0.10012668496670785,-0.0002696690985422379,-2.001237769197898e-06,-0.02057094314119278,-0.04238028628948525,0.05489768846310235,-0.0020302131081733916,-0.4981179097777135,0.00021248944632318393,0.0005596246362257291,0.0,0.0,3.7135184048082492,-0.7488768722085234,0.0,0.0,-0.9717668334810217,0.003059518641604829,-0.11023356234104892,0.014417444418617519,2.5019514853219827e-06,0.35052185797492086,-0.1386546844205977,-2.1658495208944877,0.0006788112852931979,0.6810562223314921,-0.006379672452956238,0.8908785586073646,-0.04637650722132647,-0.16776999655469765,0.001988771244739347,-0.19435339003519084,-0.02115851698802593,-0.14683835180564014,0.0005925546132065024,0.003454193866027605,-0.05681299901030146,0.3335014956211095,0.1951657057927628,0.0042962280492222366,-0.03162385592034311,-0.008456930195979684,-0.07123768106626673,-0.0013606561201889786,0.0038052718639954783,-0.017601659439015288,-0.5892581817773874
0.04570719201231982,-0.11185877048405152,0.0005801962395834582,0.0,0.0012519429265159194,0.00016500858462027102,0.0,4.954690544901868e-07,0.18345818532187824,-0.04419583264575826,0.03647458366169949,0.0,-0.018994148872800452,-0.009513014625921652,0.0,0.0,0.0009031347829212818,0.11132480291055102,-0.001429644765266365,0.0,5.8167052479650244e-09,0.0,2.948177175796477,-2.3379839782165495,0.0,-0.00872659437178664,-0.003762212798767414,0.0,-20.060452406427768,1.0781445998105639,0.006714288163706721,-1.2194262247673893,0.0,-0.1118803601388146,-0.0038814453057885094,0.0,0.0,0.08794079975024782,-1.5386992584443262,-0.2457594409769377,0.0035238578878972436,0.004011464423111018,-0.412520147542174,-0.0009368703629901373,0.024618057856739182,-0.006689595914805966,1.9040506354288476e-07,0.0,0.0,-0.5344853223738601,-0.010546454897159288,-0.007290772883598903,-0.10123175121522959,-0.0002696690985422379,-2.001237769197898e-06,-0.02057094314119278,-0.04238028628948525,0.05489768846310235,-0.0035242974803164316,-0.49801657930816023,0.00021248944632318393,-0.0012591554315078885,0.0,0.0,3.9985303620472914,-0.6279854178045153,0.0,0.0,-0.9717668181773947,0.003059518641604829,-0.11305942212318308,0.014417444418617519,2.5019514853219827e-06,0.3505218589784073,-0.07477533918164515,-2.1658495208944877,0.0006921223619179835,0.6222208644478614,-0.006379672452956238,0.890912337937906,-0.04637650722132647,-0.16607376366796653,0.002509578135707711,-0.20362815311100596,-0.015347191073454305,-0.11634431046584205,0.0005925546132065024,0.003454193866027605,-0.04435745406826391,0.3256134581743781,0.1951657057927628,-0.0076995813178912555,-0.036080439700099616,-0.008953250903519954,-0.07123768106626673,-0.0013606561201889786,0.005112768439690697,-0.019115741770489192,-0.5878273810386849
0.18021373189389817,-0.11185877048405152,0.0008728252916397228,0.0,-0.0012519429265159263,-0.0002700140475604437,0.0,1.3183765613926747e-06,0.17856247220999505,-0.04419350058438885,0.038324456061791315,0.0,-0.018250143385541887,-0.009616689072119499,0.0,0.0,0.001354215395798852,0.11209720549340824,-0.0030805157707778016,0.0,1.908500620873156e-08,0.0,2.9498532489524463,-2.3559098865511556,0.0,-0.00896693166337268,-0.003762212798767414,0.0,-19.957019543671166,1.0711076509190476,0.006239756423764266,-1.3206548904326108,0.0,-0.07166949056328062,-0.0022678150744749235,0.0,0.0,0.08794079975024782,-1.537457660586689,-0.2457594409769377,-0.0007047715775794503,0.004327122661167117,-0.4057668542600359,-0.0007778209539882272,0.027080997889474025,0.044195077770219006,-1.2516241506654695e-07,0.0,0.0,-0.5344853223738601,-0.010658605266568755,0.023608993859499702,0.10480789782721592,-0.0007783259315007011,-1.506614142188361e-06,-0.02048330756035273,0.017543061897159755,-0.16300691737413286,-0.0020302131081733916,-0.4978392277692529,0.0002980508698500028,-0.0010914742506780463,0.0,0.0,3.664812576638167,-0.47520376914322665,0.0,0.0,-0.9688104026687859,0.002054871152775299,-0.11416764534030469,0.014417444418617519,2.5019514853219827e-06,0.3537176064029338,-0.0756146864981479,-2.165205224411897,0.000701472802122952,0.6117495691520195,-0.0010052764363252253,0.7991168608726877,-0.04637650722132647,-0.14514512925153727,0.014039584866676565,-0.20759444635801166,-0.003589964255136445,-0.10207593516579476,0.0005416232041502685,0.0031460356487980623,-0.04513910000362059,0.25305005999910474,0.2025783779993732,-0.009009431089277202,-0.04030264700182304,-0.009185155407844139,-0.06268330178397,-0.002133308068014164,0.0014918376046576046,-0.017601591842838382,-0.5889859352437464
0.18021373189389817,0.11185877048405146,0.0017125939841050332,0.0,0.0012519429265159194,0.00016500858462027102,0.0,-5.570783929287478e-07,0.18478385126335378,-0.044193173197106236,0.0383814777465595,0.0,-0.018250143385541887,-0.009513014625921652,0.0,0.0,0.0026394602242194453,0.11209720549340824,-0.003932814001525439,0.0,3.3267393630448792e-09,0.0,-0.7020282473687182,-2.3343701387870324,0.0,-0.0172854186643856,-0.003762212798767414,0.0,-16.015154170402468,1.0948701613147807,0.006239756423764266,-1.5709615956337064,0.0,-0.07869157514892691,-0.002074168688032809,0.0,0.0,0.08794079975024782,-1.9154759049067478,-0.2582016526066932,0.006169333237980737,0.006763506138211223,-0.484514209087403,-0.0016005920523726458,0.02558284337455011,-0.00459983352928696,-1.157060468664475e-07,0.0,0.0,-0.5468096195245493,-0.010927354378874377,-0.0035475305399434026,-0.07047409647790583,-0.0002696690985422379,-1.4242931956357377e-06,-0.020482882719891734,0.018222650925509738,-0.16443474861855334,-0.009777953201643756,-0.4931834790275065,0.0005125933657317769,-0.001374425560276621,0.0,0.0,3.5614708096418917,-0.6039832609939662,0.0,0.0,-0.9717161368151453,0.002239715447474696,-0.114344948821942,0.014417444418617519,3.7376247724152487e-06,0.3492456926887866,-0.1341678651249052,-2.165205224411897,0.001315796748852861,0.6239782909973478,-0.008505257982390504,0.7467304068027288,-0.04637650722132647,0.20718582707844774,0.014824774251311408,-0.12295571211440837,-0.0035962300184396467,0.22723321951022377,0.0006328191156753067,0.003454193866027605,-0.017124344468743946,0.25305005999910474,0.2023734900866654,-0.020790497614549448,-0.041431081285004126,-0.020832870224402535,-0.06268330178397,-0.002133308068014164,0.0016302341645318477,-0.01760165355929666,-0.5894453339243031
0.18021373189389817,-0.11185877048405152,0.0009535518331409744,0.0,0.0012519429265159194,-0.0002700140475604437,0.0,-5.5590354149188e-07,0.18155605879256817,-0.04418388447802617,0.03912587128012047,0.0,-0.018250143385541887,-0.009616689072119499,0.0,0.0,0.0014786534089079174,0.11209720549340824,-0.0030805157707778016,0.0,-3.3267393630447733e-09,0.0,-0.7020460603658618,-2.2235694644908555,0.0,-0.00896693166337268,-0.003762212798767414,0.0,-15.906024402060217,1.1560874881010383,0.006714288163706721,-1.4186988119510486,0.0,-0.10374699452666372,-0.0020737564129146026,0.0,0.0,0.08794079975024782,-1.497446662315458,1.9731387386074497,-0.002567551217040505,0.0040434187886987105,-0.4962641392688785,-0.0009142185662065552,0.026812555846223295,-0.004421825603853736,1.1570604686606803e-07,0.0,0.0,-0.5468096195245493,0.02003374171093697,-0.0045186350545731065,-0.1057337799498724,-0.0002696690985422379,-1.4242931956357377e-06,-0.020571367981653776,-0.04238028628948525,0.05493104756351232,-0.004243925274238537,-0.4905651892943142,0.00032165439710988593,0.000692776440994121,0.0,0.0,4.492412320143774,-0.7567649096552548,0.0,0.0,-0.9679789189629718,0.0020548711527752853,-0.1105168121659521,0.014417444418617519,3.7376247724152487e-06,0.3506276001976759,-4.013357126249714,-2.0282346883332996,0.0014944842844410876,0.8551253984450959,-0.00702822658774652,0.9109412270659072,-0.04637650722132647,-0.16596849321324325,-0.008925155480089531,-0.136975330890298,-0.021083767882746005,0.2226164704150756,0.0006199164752918972,0.003454193866027605,-0.055810208956614704,0.3256134581743781,0.1953705937054706,-0.033993039059526275,-0.03805080954080701,-0.020757539802600845,-0.07123768106626673,-0.002133308068014164,0.000527178148134029,-0.017427044042586853,-0.5867895158149393
1.0348126202480328,0.05478150016681391,0.0006904370744949965,0.0,0.0012519429265159194,0.00016500858462027102,0.0,4.7642787789700833e-07,-0.09290232268249951,-0.5031309003272297,0.038324456061791315,0.0,-0.018994148872800452,-0.009513014625921652,0.0,0.0,0.0010329341585841429,0.11132480291055102,-0.0030805157707778016,0.0,5.8167052479650244e-09,0.0,-0.44427266008637334,-2.3352116381324923,0.0,-0.009360351638144578,-0.003762212798767414,0.0,-23.991299630655348,1.0761250278931094,0.006714288163706721,-0.9946725415830764,0.0,-0.07166949056328062,-0.0038722396792846424,0.0,0.0,0.08794079975024782,-0.6778992388599654,-0.18770328579077955,0.0035238578878972436,0.005825040189694167,5.969177455646036,0.000945861990716855,0.024618057856739182,-0.0066975146133174835,-1.9040506354331844e-07,0.0,0.0,-0.47286893595592083,0.036133927447979663,-0.0038153985578192953,0.10543752252992257,-0.0002696690985422379,-2.001237769197898e-06,-0.02057094314119278,-0.04238028628948525,0.05493817566972063,-0.0020302131081733916,-0.49795225725515757,0.000246761937665633,0.0004449499578743065,0.0,0.0,3.7378324137003753,-0.518280407609036,0.0,0.0,-0.9724735505835923,0.002054871152775299,-0.11024338795706147,0.014417444418617519,1.0424797855508244e-05,0.3539142342298323,-0.02408736308367495,-2.1658495208944877,-0.0141850819802936,0.6810562223314921,-0.09070007643897612,0.7002362498581859,-0.021375710341892007,-0.1469020707708969,-0.0021453116824739563,-0.167902377517037,-0.02106996503051369,-0.14266188282193273,0.0005925546132065024,0.03516830465774534,-0.7922253077609849,0.3257609915317206,0.1951657057927628,0.003796137738105161,-0.03608717077536882,-0.00848670131827354,-0.07123768106626673,-0.0013606561201889786,0.005168852936565556,-0.019135053730896398,-0.5888834924854526
1.1575366403568987,-0.11185877048405152,0.0005801962395834582,0.0,0.0012519429265159194,0.00016500858462027102,0.0,1.4093562507716357e-06,-0.09754220313281195,-0.46140114155039935,0.03647458366169949,0.0,-0.018250143385541887,-0.009513014625921652,0.0,0.0,0.0008713081656349073,0.11209720549340824,-0.001429644765266365,0.0,1.908500620873156e-08,0.0,-0.4445417642553837,-2.323060130220437,0.0,-0.008738875149930863,-0.003762212798767414,0.0,-23.59689953475756,1.0841173227751302,0.006239756423764266,-0.8684514901591979,0.0,-0.1118803601388146,-0.0022609074483029186,0.0,0.0,0.08794079975024782,-1.5383748259309054,-0.18770328579077955,0.0035238578878972436,0.004327138740935772,5.929604152585596,-0.0009550731277656738,0.024618057856739182,0.040814144661581224,1.2516241506654695e-07,0.0,0.0,-0.47286893595592083,-0.018600117109883768,-0.007290772883598903,-0.1012506806473132,-0.0002696690985422379,-1.506614142188361e-06,-0.020482882719891734,0.018222650925509738,-0.16559421833241494,0.001218127864904034,-0.49536093543312226,0.00021248944632318393,-0.0017324126481328861,0.0,0.0,3.6341582669497425,-0.36687405717275823,0.0,0.0,-0.9691936315604124,0.003059518641604829,-0.11201994219616417,0.014417444418617519,2.5019514853219827e-06,0.35052127598081634,-0.031242183065687552,-2.165205224411897,0.0006910714768239871,0.6798609548337776,-0.09470235322873444,0.7681768547251389,-0.021375710341892007,-0.1644330326753253,0.002509578135707711,-0.17256215525245205,-0.009392914905043527,-0.14276593871788842,0.00032383806105380493,-0.005239812235728225,-0.03476798475457843,0.2531243868316941,0.2023734900866654,0.005020160561659362,-0.03462776979607563,-0.00843661545674891,-0.06268330178397,-0.0013606561201889786,0.010608376790867464,-0.018041735420532307,-0.5892581817773874
0.04570719201231982,0.11185877048405146,-0.0009902788132262759,0.0,0.0012519429265159194,-0.0002700140475604437,0.0,4.7642787789700833e-07,0.17847460919712904,-0.04418106220598732,0.03669817030429208,0.0,-0.018994148872800452,-0.009616689072119499,0.0,0.0,0.0013743693842960534,0.11132480291055102,-0.0005773465345187273,0.0,5.8167052479650244e-09,0.0,2.948201218527439,-2.300872696363834,0.0,-0.01661337340232749,-0.003762212798767414,0.0,-20.06499619301681,1.005037556004595,0.006239756423764266,-1.37561392354349,0.0,-0.07837216565950893,-0.0038722396792846424,0.0,0.0,0.08794079975024782,-1.9060278273494802,-0.2457594409769377,0.0035238578878972436,0.005825040189694167,-0.40131969756197544,-0.0016020668615211175,0.021940200985570407,-0.007065499775168771,-1.9040506354331844e-07,0.0,0.0,-0.5344853223738601,-0.010704534606215982,-0.007329241933124071,-0.07066416876046648,-0.0002696690985422379,-2.001237769197898e-06,-0.02048330756035273,0.018222650925509738,-0.16419304656995343,0.001218127864904034,-0.49800183068631454,-0.0007948023196000078,0.00048509966696802065,0.0,0.0,4.043901074980161,-0.47520376914322665,0.0,0.0,-1.0047109951021527,0.002239715447474696,-0.1124621467205589,0.014417444418617519,2.5019514853219827e-06,0.34924557911898313,-0.07409751932637064,-2.165205224411897,0.0006780971068188482,0.6798609548337776,-0.008505257982390504,0.7452452370044315,-0.04637650722132647,0.208884157463249,-0.0010407128084211174,-0.17942203132462153,-0.009313092696948607,-0.14764262210151663,0.0006156815151959591,0.003454193866027605,-0.007779753920719001,0.25305005999910474,0.2025783779993732,0.0037673166847724355,-0.03397609675306289,-0.008434332487067913,-0.06268330178397,-0.0013606561201889786,0.0008915071864826832,-0.019115652673484182,-0.5889859352437464
0.04570719201231982,0.11185877048405146,0.0005801962395834582,0.0,0.0012519429265159194,0.00016500858462027102,0.0,4.7642787789700833e-07,-0.08758877734048229,-0.04419583264575826,0.03673347776958247,0.0,-0.018994148872800452,-0.009513014625921652,0.0,0.0,0.001038210919137232,0.11132480291055102,0.00308051577077776,0.0,5.8167052479650244e-09,0.0,-0.702077934590342,-2.3352116381324923,0.0,-0.009212487994996375,-0.003762212798767414,0.0,-15.735994525964786,1.0761250278931094,0.006239756423764266,-1.2695383453474045,0.0,-0.1118803601388146,-0.003873311961119675,0.0,0.0,0.08794079975024782,-1.9102025961769225,-0.2582016526066932,0.0035238578878972436,0.004489223014597053,-0.49548294431813633,0.000945861990716855,0.024618057856739182,-0.006701281057946948,-1.9040506354331844e-07,0.0,0.0,-0.5468096195245493,0.0361946830482851,-0.004970994965480435,-0.10105584742885892,-0.0002696690985422379,-2.001237769197898e-06,-0.02057094314119278,-0.048410909009958,0.054895246001328765,-0.0035242974803164316,-0.49811784628707617,-0.0005666385235284907,0.0005596246362257291,0.0,0.0,4.0974934730651364,-0.7572057867834772,0.0,0.0,-0.9714737916051885,0.003059518641604829,-0.11024338795706147,0.014417444418617519,2.5019514853219827e-06,0.3506274870194216,-0.14156201506135496,-2.1658495208944877,0.00067330118649651,0.6222208644478614,-0.00702822658774652,0.7927552920154861,-0.021375710341892007,-0.16404857107005302,0.002509578135707711,-0.21384921000132168,-0.02106996503051369,-0.11622545131317033,0.0005925546132065024,0.003454193866027605,-0.018761485465476346,0.32517258104615565,0.1951657057927628,-0.007712988350194057,-0.027401648618619684,-0.008941504411554621,-0.07123768106626673,-0.0013606561201889786,0.0054595706560155305,-0.019135053730896398,-0.5892581817773874
0.04570719201231982,0.11185877048405146,0.0008728252916397228,0.0,0.0012519429265159194,-0.0002700140475604437,0.0,4.7514520801918106e-07,0.17847460919712904,-0.04419583264575826,0.03647458366169949,0.0,-0.018994148872800452,-0.009616689072119499,0.0,0.0,0.001354215395798852,0.11132480291055102,-0.001429644765266365,0.0,-5.8167052479650244e-09,0.0,-0.7020509448826181,-2.338020055871783,0.0,-0.00872659437178664,-0.003762212798767414,0.0,-15.75831278320367,1.078349487723272,0.006239756423764266,-1.4288379848589907,0.0,-0.1118803601388146,-0.003873553732106622,0.0,0.0,0.08794079975024782,-1.9099199301310756,-0.2582016526066932,0.0035238578878972436,0.005825009314487074,-0.4955280548075119,-0.0009134896709448795,0.024618057856739182,-0.007070899020158053,1.9040506354288476e-07,0.0,0.0,-0.5468096195245493,-0.010658605266568755,-0.004818972331787099,-0.10188030535001988,-0.0002696690985422379,-2.001237769197898e-06,-0.020571367981653776,-0.048410909009958,-0.1641977909022515,-0.0020302131081733916,-0.49800183536121034,0.0002980508698500028,0.00048509966696802065,0.0,0.0,4.063342675069063,-0.6039832609939662,0.0,0.0,-0.971434506015599,0.003059518641604829,-0.11305153054950119,0.014417444418617519,2.5019514853219827e-06,0.35062748601593513,-0.13795439394059103,-2.1658495208944877,0.0007083405155205609,0.6810562223314921,-0.00702822658774652,0.8902637838031155,-0.04637650722132647,-0.1631501360739071,0.002509578135707711,-0.1927977224531181,-0.015339299499772417,-0.14731168584313248,0.0006156815151959591,0.003454193866027605,-0.01913548964752887,0.25305005999910474,0.1953705937054706,0.0026671360688593033,-0.03397609675306289,-0.008544712221849235,-0.07123768106626673,-0.0013606561201889786,0.01055015868453308,-0.019115652673484182,-0.5889859352437464
-2.8032629457788008,-0.11185877048405152,0.0004883548650956273,0.0,0.0012519429265159194,-0.0002700140475604437,0.0,4.954690544901868e-07,-0.09025511870243827,-0.19795026678630673,0.03647458366169949,0.0,-0.018994148872800452,-0.009616689072119499,0.0,0.0,0.0008358397178832098,0.11132480291055102,-0.001429644765266365,0.0,5.8167052479650244e-09,0.0,-0.4442456703786495,-1.4086102538885015,0.0,-0.009120014346558538,-0.003762212798767414,0.0,-14.845225879519019,1.0280949155936712,0.006239756423764266,-1.1989513537538974,0.0,-0.1118803601388146,-0.0038724814502715896,0.0,0.0,0.08794079975024782,-1.471139839299046,-0.18770328579077955,0.0035238578878972436,0.00401149529831811,2.6998770751435117,0.0009422677995819459,0.02558284337455011,-0.007070206688079423,1.9040506354288476e-07,0.0,0.0,-0.3192133100298586,0.03621444902758697,-0.00439979061470611,-0.10189923478210348,-0.0002696690985422379,-2.001237769197898e-06,-0.02048330756035273,0.018222650925509738,-0.16431731165889357,-0.0035242974803164316,-0.47543400956722665,-0.0004904989765197119,0.0005117458795501139,0.0,0.0,11.279230613332333,-0.5520751050110153,0.0,0.0,-0.9493943295289748,0.003059518641604829,-0.11225506807641755,0.014417444418617519,1.0424797855508244e-05,0.3506274870194216,-0.11706305995160225,-30.787936027322463,-0.014217600867095602,2.5913102458040504,-0.4437563660764938,0.7927552920154861,-0.021375710341892007,-0.16475280655930538,0.018694474684858218,-0.20531535621705438,-0.003582427166207334,-0.11109927571266817,0.0006156815151959591,-0.0005471682763325547,-0.05258223787128474,0.2531243868316941,0.2025783779993732,-0.0076995813178912555,-0.03608717077536882,-0.00891954300521785,-0.06268330178397,-0.002133308068014164,0.0016203644827902444,-0.019135142827901408,16.478686737263196
0.18021373189389817,0.11185877048405146,0.0004883548650956273,0.0,0.0012519429265159194,-0.0002700140475604437,0.0,4.7642787789700833e-07,-0.09896787191360837,-0.04418106220598732,0.038605064389152094,0.0,-0.018250143385541887,-0.009616689072119499,0.0,0.0,0.0008602918750666439,0.11209720549340824,-0.0030805157707778016,0.0,5.8167052479650244e-09,0.0,-0.7020173196223353,-2.2883040066049185,0.0,-0.00896693166337268,-0.003762212798767414,0.0,-15.639708711635972,1.1024754423930474,0.006714288163706721,-1.2228895592956477,0.0,-0.11240116702978298,-0.0038429065443415463,0.0,0.0,0.08794079975024782,-1.9064311593363126,-0.2582016526066932,0.0035238578878972436,0.005825040189694167,-0.495550572357026,-0.0009098954798099704,0.021940200985570407,-0.007419554955496949,-1.9040506354331844e-07,0.0,0.0,-0.5468096195245493,-0.018549891104759464,-0.007138750249905568,-0.1009511428878688,-0.0002696690985422379,-2.001237769197898e-06,-0.02053334490339514,-0.031088520993291964,0.054951064754042586,-0.0035242974803164316,-0.4979610099827136,-0.0004904989765197119,-0.0011514282289877562,0.0,0.0,3.85233278810702,-0.7567649096552548,0.0,0.0,-1.0046743075069267,0.003059518641604829,-0.1124328135856158,0.014417444418617519,1.0424797855508244e-05,0.3505218589784073,-0.1388290972544224,-2.1658495208944877,-0.014432748089158308,0.6222208644478614,-0.006379672452956238,0.7681430753945975,-0.021375710341892007,-0.16552408607951494,0.001988771244739347,-0.20956466465427243,0.004880269590385047,-0.11192099663227711,0.002383456420797658,0.003454193866027605,-0.01822225492708268,0.3256134581743781,0.19845847999531963,-0.007823423525532338,-0.04030264700182304,-0.008906997658742281,-0.06757844239133093,-0.0013606561201889786,-0.004566716870744572,-0.018041578727350377,-0.5880316392462182
-0.14073027799287338,-0.04049351337466843,0.001293990667261154,0.0,0.0023652003935736524,0.000280508065000806,0.0,6.52664548017983e-07,-0.09865454074893734,-0.04420303617030345,0.03132117314910226,0.0,-0.07463587618958283,-0.015072066602320827,0.0,0.0,0.001998798393217063,-0.01904585222499354,-0.003932814001525439,0.0,8.594025558960895e-09,0.0,-0.7020862428631067,-1.6137844740910645,0.0,-0.018351182489832363,-0.003762212798767414,0.0,-14.973609606573225,2.543066528416001,0.006239756423764266,-1.378315085860126,0.0,-0.07869157514892691,-0.009483863503105152,0.0,0.0,0.016256557971261184,-0.374356366916917,0.5737689952118249,-0.0009701262233317858,0.00517745447774428,-0.48435468005123067,0.0016139619888054235,0.0553080901737837,-0.01345796466779511,4.5988997366634005e-07,0.0,0.0,-0.3252038575574415,-0.018815225382848938,0.00019096277906057238,-0.07088200290742994,-0.0001478351355393443,-3.1812726814670504e-06,-0.0394656192963253,-0.10852974567005137,-0.1638330245105753,-0.006660665011651558,-0.1371018129408593,0.00040564939272365617,0.0007465229398894947,0.0,0.0,-2.4154496406992054,-0.6041027817506083,0.0,0.0,-0.21533740146619765,0.002239715447474696,-0.07209817524780798,0.02353494299006898,3.1216730929187185e-06,0.11468619710649006,-0.18427035462959032,-0.5650964174336668,0.0009357529597929538,0.29919368765439647,-0.008913164411914625,0.622521253334991,-0.021375710341892007,0.20728050189334685,-0.010033375059156201,-0.23809196091189586,-0.050692868867080465,-0.22135254453819359,0.0002830064913846922,0.00733311293704815,-0.18767012875188485,0.2531243868316941,0.10873998606141509,-0.01180495572281634,-0.1263832792201218,-0.01497767604207203,-0.15252106261803072,-0.0021808657674436127,0.05644349047432449,-0.07470064263958523,-0.21301319237692443
0.3762414938523674,0.04049351337466843,0.001293990667261154,0.0,0.0023652003935736524,0.000280508065000806,0.0,6.867638916887359e-07,0.18260698760593036,-0.04420303617030345,0.029637865706834843,0.0,-0.07042286984134599,-0.015072066602320827,0.0,0.0,0.001904079351315841,-0.014672393953109798,-0.0005773465345187273,0.0,8.594025558960895e-09,0.0,-0.7020862428631067,-1.57821543903767,0.0,-0.016625654180471714,-0.003762212798767414,0.0,-14.923146942375686,2.545068631777142,0.006239756423764266,-1.5731396383199203,0.0,-0.07837216565950893,-0.009595177932295916,0.0,0.0,0.016256557971261184,-0.4258023969280389,-0.21536071815048652,0.004850631116658911,0.0023509074468286914,-0.4841115477022196,-0.0015757826699182853,0.05500063514163446,-0.013456782198968608,-1.9040506354331844e-07,0.0,0.0,-0.3252038575574415,-0.010888108829312057,-0.001307861472576756,-0.07068309819255009,-0.0001478351355393443,1.1664666498712495e-05,-0.03918638540850798,0.04170499961849341,-0.16382666432132154,-0.006660665011651558,-0.140927827464054,0.00040564939272365617,0.0005481695711022777,0.0,0.0,-1.840021002816417,-0.6041027817506083,0.0,0.0,-0.2159394975004224,0.002239715447474696,-0.08064118196460648,0.02353494299006898,3.1216730929187185e-06,0.11461464911271943,0.2915935583171509,-0.5943688728211174,0.0009318567189245602,0.23877204834415364,-0.008505257982390504,0.7452452370044315,-0.04637650722132647,0.2084151562895546,-0.011382967536471032,-0.2380365189465094,-0.005891571306106368,-0.2206395205646794,0.0002830064913846922,0.00733311293704815,-0.17849284492769915,0.2531243868316941,0.130725816452553,-0.012424929071475882,-0.1529306464451259,-0.014985033655011696,-0.12661354081917922,-0.0021808657674436127,0.060691892740807114,-0.0657062486603896,-0.21166608444087714
0.18021373189389817,-0.11185877048405152,0.0009535518331409744,0.0,0.0012519429265159194,0.00016500858462027102,0.0,3.713855952858318e-07,-0.08477099322958562,-0.04418388447802617,0.03647458366169949,0.0,-0.018250143385541887,-0.009513014625921652,0.0,0.0,0.0014786534089079174,0.11209720549340824,-0.001429644765266365,0.0,4.305782227101354e-09,0.0,-0.7020460603658618,-2.3482834350007336,0.0,-0.00872659437178664,-0.003762212798767414,0.0,-15.922019430894265,1.1558826001883302,0.006714288163706721,-1.2212743268119826,0.0,-0.1118803601388146,-0.002052508327885343,0.0,0.0,0.08794079975024782,-1.4965294666438984,-0.2582016526066932,-0.006173048628104234,0.006874855296388337,-0.4955968237098046,-0.0009142185662065552,0.026812555846223295,-0.0044243942427826585,1.1570604686606803e-07,0.0,0.0,-0.5468096195245493,-0.018711379387716776,-0.00518889162343758,-0.10123175121522959,-0.0002696690985422379,-1.4242931956357377e-06,-0.02057094314119278,-0.04238028628948525,0.05493104756351232,-0.002356762685188118,-0.49357033816471757,0.00032165439710988593,0.000692776440994121,0.0,0.0,3.442681742661863,-0.7567649096552548,0.0,0.0,-0.9709481383556544,0.003059518641604829,-0.11049556408092286,0.014417444418617519,3.7376247724152487e-06,0.3505219272827687,-0.1388311663989473,-2.1658495208944877,0.0014545164535279967,0.6070282641174055,-0.006379672452956238,0.7681768547251389,-0.021375710341892007,-0.16483279368834536,0.018694474684858218,-0.10393610466952588,-0.02115669850815179,0.25303550236927136,0.0006199164752918972,0.003454193866027605,-0.055810208956614704,0.3256134581743781,0.1951657057927628,0.03805009637395946,-0.03752990625629295,-0.01983592033400655,-0.07123768106626673,-0.002133308068014164,0.0005533035767751673,-0.018041587685600935,-0.5867895158149393
0.04570719201231982,-0.11185877048405152,0.0006904370744949965,0.0,0.0012519429265159194,-0.0002700140475604437,0.0,4.7514520801918106e-07,0.17744017633785364,-0.04418106220598732,0.03669817030429208,0.0,-0.018994148872800452,-0.009616689072119499,0.0,0.0,0.001251774185958802,0.11132480291055102,-0.0005773465345187273,0.0,-5.8167052479650244e-09,0.0,-0.702077934590342,-2.3352116381324923,0.0,-0.016625654180471714,-0.003762212798767414,0.0,-16.015055460878305,1.0200772083253435,0.006239756423764266,-1.563507250385699,0.0,-0.07837216565950893,-0.003871720816604434,0.0,0.0,0.08794079975024782,-1.537359148920692,-0.2582016526066932,-0.0007047715775794503,0.005825054829420494,-0.4844486775412354,-0.0015768890739084052,0.024618057856739182,-0.006700275187214409,-1.9040506354331844e-07,0.0,0.0,-0.5468096195245493,-0.010625350424236318,-0.007329241933124071,-0.07068309819255009,-0.0002696690985422379,7.337871820392286e-06,-0.02048330756035273,0.018222650925509738,0.054895246001328765,-0.0035242974803164316,-0.4979032697859271,-0.0006580318337750214,-0.0010011374052171897,0.0,0.0,3.950465387206759,-0.7550831178006818,0.0,0.0,-0.9717676694330004,0.002239715447474696,-0.11024338795706147,0.014417444418617519,1.0424797855508244e-05,0.3492455781154966,-0.13095636747582753,-2.165205224411897,-0.013996757349195185,0.6222208644478614,-0.008505257982390504,0.7452452370044315,-0.04637650722132647,0.20932572407470523,-0.0010407128084211174,-0.2095889843830647,-0.009313092696948607,-0.11115022434776047,0.0005925546132065024,0.003454193866027605,-0.0568279332050709,0.3272952500289511,0.2025783779993732,-0.007323333214415265,-0.03398282782833209,-0.008991856282287328,-0.06268330178397,-0.0013606561201889786,0.005099750788762215,-0.019115652673484182,-0.5882020703306198
0.18064798825043346,0.11185877048405146,0.0008728252916397228,0.0,0.0012519429265159194,0.00016500858462027102,0.0,4.7642787789700833e-07,-0.10109726594744353,-0.0463500996444233,0.03647458366169949,0.0,-0.018250143385541887,-0.009513014625921652,0.0,0.0,0.001354215395798852,0.11209720549340824,-0.001429644765266365,0.0,5.8167052479650244e-09,0.0,-0.7020702432812819,-2.2883040066049185,0.0,-0.0088313487983687,-0.003762212798767414,0.0,-15.682295436314279,1.1022705544803393,0.006714288163706721,-1.2232901218002612,0.0,-0.1118803601388146,-0.003844220597163526,0.0,0.0,0.08794079975024782,-1.9057033948360593,-0.2582016526066932,0.0035238578878972436,0.005825009314487074,-0.49769914949434996,-0.0009368703629901373,0.021940200985570407,-0.00669342166415632,1.9040506354288476e-07,0.0,0.0,-0.5468096195245493,-0.018680440862006847,-0.004818972331787099,-0.10105584742885892,-0.0002696690985422379,-2.001237769197898e-06,-0.020532920062934144,-0.031088520993291964,0.05493752871531636,0.001218127864904034,-0.4958669993507676,0.0002980508698500028,-0.0013893197696397156,0.0,0.0,3.816195472579218,-0.7569781935282439,0.0,0.0,-1.0047525169131775,0.003059518641604829,-0.11243253843876494,0.014417444418617519,2.5019514853219827e-06,0.3506274870194216,-0.1423849647441007,-2.1658495208944877,0.0006742178897021275,0.6798609548337776,-0.00702822658774652,0.7675283005903484,-0.021375710341892007,-0.16499185050086412,0.002509578135707711,-0.19194027547405118,0.004880269590385047,-0.14876939082812107,0.0005925546132065024,0.009086286352480127,-0.01843252366307313,0.3257609915317206,0.1982535920826118,0.0037673166847724355,-0.03162385592034311,-0.008522541937617435,-0.06757844239133093,-0.0013606561201889786,-0.004486529745203374,-0.018041578727350377,-0.5889859352437464
0.04570719201231982,0.11185877048405146,0.0004883548650956273,0.0,0.0012519429265159194,0.00016500858462027102,0.0,4.7642787789700833e-07,0.17900962297645778,-0.04418106220598732,0.03673347776958247,0.0,-0.018994148872800452,-0.009513014625921652,0.0,0.0,0.0007611100967262613,0.11132480291055102,0.00308051577077776,0.0,5.8167052479650244e-09,0.0,-0.7020509448826181,-2.335175560477259,0.0,-0.008837722714541987,-0.003762212798767414,0.0,-15.760495666321205,1.0761250278931094,0.006239756423764266,-1.4280032188995004,0.0,-0.1118803601388146,-0.003880373023953477,0.0,0.0,0.08794079975024782,-1.9100070747445417,-0.2582016526066932,0.0035238578878972436,0.004489253889804153,-0.4956380090926954,-0.0009134896709448795,0.024618057856739182,-0.007069358730740412,1.9040506354288476e-07,0.0,0.0,-0.5468096195245493,-0.010508219153653284,-0.007861977234373228,-0.10041729374875431,-0.0002696690985422379,-2.001237769197898e-06,-0.02057094314119278,-0.048410909009958,-0.16431731165889357,-0.0020302131081733916,-0.49530644695793424,0.00018393711619489188,0.0006644780849903033,0.0,0.0,4.070110524327608,-0.6062254507334036,0.0,0.0,-0.9714329493477621,0.003059518641604829,-0.1102510043838925,0.014417444418617519,1.0424797855508244e-05,0.3505218589784073,-0.1415315397497661,-2.1658495208944877,-0.014853306497932322,0.6810562223314921,-0.006379672452956238,0.890912337937906,-0.04637650722132647,-0.16380868232836762,0.002509578135707711,-0.18984219289416981,-0.021077856604195578,-0.1431251420264245,0.0006156815151959591,0.003454193866027605,-0.019020862180146703,0.25100171784889863,0.1951657057927628,0.0039065729134434455,-0.027374724317542867,-0.008413331350713274,-0.07123768106626673,-0.0013606561201889786,0.010936655997092141,-0.019115652673484182,-0.5890539235698542
0.18021373189389817,-0.11185877048405152,0.0006904370744949965,0.0,0.0012519429265159194,0.00016500858462027102,0.0,4.954690544901868e-07,-0.10240490655586834,-0.04419583264575826,0.03669817030429208,0.0,-0.018250143385541887,-0.009513014625921652,0.0,0.0,0.0010329341585841429,0.11209720549340824,-0.0005773465345187273,0.0,5.8167052479650244e-09,0.0,2.948177175796477,-2.3254446419317425,0.0,-0.016625654180471714,-0.003762212798767414,0.0,-19.993247587877345,1.1451247334443817,0.006714288163706721,-1.1706881792139203,0.0,-0.07837216565950893,-0.003873553732106622,0.0,0.0,0.08794079975024782,-1.538633429124002,-0.2457594409769377,0.0035238578878972436,0.004011464423111018,-0.4011091979234604,-0.001603863957088572,0.024618057856739182,-0.00669355232949943,1.9040506354288476e-07,0.0,0.0,-0.5344853223738601,-0.018654864841550184,-0.005161351299258363,-0.0710910046220742,-0.0002696690985422379,-2.001237769197898e-06,-0.02057094314119278,-0.04238028628948525,0.05489459904692447,-0.0020302131081733916,-0.49790332302092494,0.000246761937665633,-0.0010011374052171897,0.0,0.0,3.7151008599259425,-0.6279854178045153,0.0,0.0,-0.9717664410844525,0.002239715447474696,-0.11305153054950119,0.014417444418617519,1.0424797855508244e-05,0.34931712711275376,-0.0748711220293028,-2.1658495208944877,-0.014061463139136638,0.6810562223314921,-0.008913164411914625,0.6221018473621401,-0.021375710341892007,0.2075936437091634,-0.0010407128084211174,-0.17759458003825573,-0.015339299499772417,-0.14243093638639798,0.0005925546132065024,0.003454193866027605,-0.04547219747826109,0.3256134581743781,0.1951657057927628,0.003348775594971906,-0.03820503513005551,-0.00848750017278378,-0.07123768106626673,-0.0013606561201889786,0.005123853417428527,-0.018041667824355373,-0.5888834924854526
0.04570719201231982,0.11185877048405146,0.0004883548650956273,0.0,0.0012519429265159194,-0.0002700140475604437,0.0,-7.146418168455129e-07,0.18044408065858014,-0.04419583264575826,0.036755191989060285,0.0,-0.018994148872800452,-0.009616689072119499,0.0,0.0,0.0007611100967262613,0.11132480291055102,-0.001429644765266365,0.0,4.213367900681149e-09,0.0,-0.7020702432812819,-2.338020055871783,0.0,-0.00872659437178664,-0.003762212798767414,0.0,-15.967761003422568,1.078349487723272,0.006714288163706721,-1.5096495383613837,0.0,-0.07138888223591983,-0.003873311961119675,0.0,0.0,0.08794079975024782,-1.9097244086986949,-0.2582016526066932,0.0035238578878972436,0.005825009314487074,-0.4887650671871398,-0.0009368703629901373,0.024618057856739182,-0.0066902038719049515,-1.9040506354331844e-07,0.0,0.0,-0.5468096195245493,-0.010508219153653284,-0.008574693447066947,0.10508850615457671,-0.0002696690985422379,-2.001237769197898e-06,-0.020571367981653776,-0.04238028628948525,0.05493752871531636,-0.0035242974803164316,-0.4979628674812416,0.00018393711619489188,-0.0011514282289877562,0.0,0.0,4.098367022777464,-0.7571024867577724,0.0,0.0,-0.9714748041659896,0.002054871152775299,-0.11305180569635205,0.014417444418617519,1.0424797855508244e-05,0.3537182619776055,-0.13247968107010766,-2.1658495208944877,-0.014531929867498692,0.6222208644478614,-0.0010052764363252253,0.7989104416396213,-0.04637650722132647,-0.1487708692398994,-0.00186470335511316,-0.20915653163973527,-0.015339299499772417,-0.11276261212033592,0.0005925546132065024,0.003454193866027605,-0.01822225492708268,0.3257609915317206,0.1953705937054706,-0.00895242519477819,-0.03397609675306289,-0.00889525116677695,-0.07123768106626673,-0.0013606561201889786,0.005144750307899244,-0.019115628872013443,-0.5880316392462182
0.04570719201231982,-0.11185877048405152,-0.0007861016830478132,0.0,0.0012519429265159194,-0.0002700140475604437,0.0,4.7642787789700833e-07,0.1768834271751632,-0.04419583264575826,0.038605064389152094,0.0,-0.018994148872800452,-0.009616689072119499,0.0,0.0,0.0010838185413628585,0.11132480291055102,-0.0030805157707778016,0.0,5.8167052479650244e-09,0.0,-0.7020096283132752,-2.338020055871783,0.0,-0.00896693166337268,-0.003762212798767414,0.0,-15.880109127868238,1.078349487723272,0.006239756423764266,-1.4167865195401426,0.0,-0.11240116702978298,-0.0038730348694264137,0.0,0.0,0.08794079975024782,-1.5388281695253663,-0.2582016526066932,0.0035238578878972436,0.004011479062837338,-0.4955695030593616,-0.0009368703629901373,0.024618057856739182,-0.007412346898465962,1.9040506354288476e-07,0.0,0.0,-0.5468096195245493,-0.010625350424236318,-0.007290772883598903,-0.1009511428878688,-0.0002696690985422379,7.337871820392286e-06,-0.020571367981653776,-0.048410909009958,0.054947328383460434,-0.0020302131081733916,-0.4979503805085117,-0.0006580318337750214,0.0004449499578743065,0.0,0.0,4.009590612720661,-0.7550831178006818,0.0,0.0,-0.9716944484323979,0.003059518641604829,-0.11305153054950119,0.014417444418617519,1.0424797855508244e-05,0.3505218589784073,-0.134862081598008,-2.1658495208944877,-0.013560054319278621,0.609018078006241,-0.006379672452956238,0.8908785586073646,-0.04637650722132647,-0.16296360039465127,0.001988771244739347,-0.21346666315078286,-0.015339299499772417,-0.10459617349023127,0.002383456420797658,0.003454193866027605,-0.057359720401426784,0.3272952500289511,0.1953705937054706,-0.010080725751168602,-0.036080439700099616,-0.009034752143269424,-0.07123768106626673,-0.0013606561201889786,0.005099750788762215,-0.019115652673484182,-0.5888834924854526
0.04570719201231982,-0.11185877048405152,0.0005801962395834582,0.0,-0.0012519429265159263,-0.0002700140475604437,0.0,1.4093562507716357e-06,-0.09711900584989855,-0.04418353704662424,0.03647458366169949,0.0,-0.018994148872800452,-0.009616689072119499,0.0,0.0,0.0008713081656349073,0.11132480291055102,-0.001429644765266365,0.0,1.908500620873156e-08,0.0,2.9480509995443898,-2.3426279999750683,0.0,-0.008738875149930863,-0.003762212798767414,0.0,-19.7176699551233,1.02511676691336,0.006239756423764266,-1.0340463604509245,0.0,-0.1118803601388146,-0.002260795341216804,0.0,0.0,0.08794079975024782,-1.5373535428766425,-0.2457594409769377,-0.0007047715775794503,0.004327138740935772,-0.41239677358306376,-0.000946301520528145,0.027080997889474025,0.04324062874190597,-1.2516241506654695e-07,0.0,0.0,-0.5344853223738601,-0.018600117109883768,-0.007861977234373228,-0.1012506806473132,-0.0002696690985422379,-1.506614142188361e-06,-0.02048330756035273,0.018222650925509738,-0.16170445219756313,-0.0020302131081733916,-0.49794938745543704,0.00021248944632318393,-0.0012591554315078885,0.0,0.0,3.9136403807716644,-0.47520376914322665,0.0,0.0,-0.9689294942945251,0.003059518641604829,-0.11135277683713965,0.014417444418617519,2.5019514853219827e-06,0.35052127598081634,-0.08188701944250237,-2.165205224411897,0.0007119477820570542,0.609018078006241,-0.006379672452956238,0.7681768547251389,-0.021375710341892007,-0.16465823294575974,0.018694474684858218,-0.2075737130436768,-0.009392914905043527,-0.1033792057061043,0.00047118463156583244,0.0031460356487980623,-0.04435745406826391,0.25305005999910474,0.2025783779993732,-0.009022838121579996,-0.03398282782833209,-0.009063190596569385,-0.06268330178397,-0.002133308068014164,0.0016876933047717604,-0.019555728655001187,-0.5892581817773874
0.1492035133806952,0.05478150016681391,0.0004883548650956273,0.0,0.0012519429265159194,0.00016500858462027102,0.0,-7.127178120287721e-07,0.1802966644867105,-0.04633532920465236,0.035465110551042386,0.0,-0.014295338575696951,-0.009513014625921652,0.0,0.0,0.0007366579395428272,0.1182034280844202,-0.0007130068780372908,0.0,-4.213367900681149e-09,0.0,-0.702077934590342,-2.2582060195675204,0.0,-0.008837722714541987,-0.003762212798767414,0.0,-15.64166775075347,1.4610070004113611,0.006714288163706721,-1.4181412600818135,0.0,-0.1118803601388146,-0.0038431483153284936,0.0,0.0,0.08794079975024782,-0.6777044984586009,-0.2582016526066932,0.0035238578878972436,-0.013163321864473075,-0.497596658833893,-0.0009098954798099704,0.024618057856739182,-0.006703226976133799,1.9040506354288476e-07,0.0,0.0,-0.5468096195245493,-0.010532671310836725,-0.007709954600679893,-0.10041729374875431,-0.0002696690985422379,-2.001237769197898e-06,-0.020532920062934144,-0.031088520993291964,0.05493508625354278,-0.0035242974803164316,-0.4980364396120793,0.00018393711619489188,0.0005117458795501139,0.0,0.0,2.1735398723298514,-0.7490901560815125,0.0,0.0,-0.9724728751058412,0.003059518641604829,-0.1102137796752675,0.014417444418617519,1.0424797855508244e-05,0.3469047870744081,-0.13856599186781351,-2.1658495208944877,-0.014743766027464874,0.6222208644478614,-0.006379672452956238,0.890912337937906,-0.04637650722132647,-0.16834991639829944,0.002509578135707711,-0.20927920585344428,0.004880269590385047,-0.11293784148442741,0.0005925546132065024,0.009086286352480127,-0.8130127651481183,0.333649028978452,0.1982535920826118,-0.008394627876306664,-0.02383889242827881,-0.00889525116677695,-0.06757844239133093,-0.0013606561201889786,0.0038724413386081943,0.6743177664142288,-0.5880316392462182
0.04570719201231982,-0.11185877048405152,0.0007461847787954092,0.0,0.0012519429265159194,0.00016500858462027102,0.0,3.713855952858318e-07,0.18866156365848302,-0.044193173197106236,0.038605064389152094,0.0,-0.018994148872800452,-0.009513014625921652,0.0,0.0,0.0011598216010902627,0.11132480291055102,-0.0030805157707778016,0.0,4.305782227101354e-09,0.0,-0.7020282473687182,-2.213336685314442,0.0,-0.00896693166337268,-0.003762212798767414,0.0,-15.756372251514907,1.02189189233009,0.006239756423764266,-1.4227758644002977,0.0,-0.11240116702978298,-0.0020690915562153107,0.0,0.0,0.08794079975024782,-1.531429651264449,1.9731387386074497,-0.0012338666475961509,0.006763514271790082,-0.49557472540525305,-0.0009335984582742041,0.024618057856739182,-0.004600392913252484,1.1570604686606803e-07,0.0,0.0,-0.5468096195245493,-0.010615559864780244,-0.005591446172035476,-0.1009511428878688,-0.0002696690985422379,5.2224083839977e-06,-0.020482882719891734,0.018222650925509738,-0.1645542693751954,-0.004243925274238537,-0.4902222681286914,0.0002640931989403724,-0.0014538550544112498,0.0,0.0,4.740424992933499,-0.6041027817506083,0.0,0.0,-0.9690407869864804,0.003059518641604829,-0.11513637258477231,0.014417444418617519,2.1051588124510422e-05,0.3505219272827687,-4.016649346982056,-2.0275903918507088,-0.028151455011420218,0.8551253984450959,-0.006379672452956238,0.8908785586073646,-0.04637650722132647,-0.16348965944846078,0.001988771244739347,-0.12550863477256088,-0.0035913465763398253,0.20778268097994196,0.0006328191156753067,0.003454193866027605,-0.05470003383786004,0.2531243868316941,0.2023734900866654,-0.026846782263049814,-0.033411879611472343,-0.020807032578052154,-0.06268330178397,-0.0013606561201889786,0.010613383256886162,-0.019115661631734726,-0.5874582171223172
1.1639561384617305,-0.11185877048405152,0.0005801962395834582,0.0,0.0012519429265159194,0.00016500858462027102,0.0,4.7642787789700833e-07,-0.09687028496670544,-0.4613986667097625,0.03647458366169949,0.0,-0.018250143385541887,-0.009513014625921652,0.0,0.0,0.0008713081656349073,0.11209720549340824,-0.001429644765266365,0.0,5.8167052479650244e-09,0.0,1.8654143212784762,-2.3254446419317425,0.0,-0.008738875149930863,-0.003762212798767414,0.0,-24.81400406745327,1.1451247334443817,0.006714288163706721,-0.7741272770612235,0.0,-0.1118803601388146,-0.0038722396792846424,0.0,0.0,0.08794079975024782,-1.5379770999881224,-0.18188262362453184,0.0035238578878972436,0.005825040189694167,4.672061964031727,-0.0009134896709448795,0.024618057856739182,-0.007070244107466855,-1.9040506354331844e-07,0.0,0.0,-0.46710349156570696,-0.018600117109883768,-0.007709954600679893,-0.1012506806473132,-0.0002696690985422379,-2.001237769197898e-06,-0.02057094314119278,-0.04238028628948525,-0.16431731165889357,-0.0035242974803164316,-0.4948379948260429,0.00021248944632318393,0.0007699611769479491,0.0,0.0,3.7385975970227774,-0.3077371946042286,0.0,0.0,-0.9717246859395398,0.003059518641604829,-0.11305180569635205,0.014417444418617519,2.5019514853219827e-06,0.3505218589784073,-0.002995436192541125,-2.1658495208944877,0.000730615501241304,0.6222208644478614,-0.09470235322873444,0.7681768547251389,-0.021375710341892007,-0.16566701589439756,0.002509578135707711,-0.18845316743087168,-0.015339299499772417,-0.11845199986584944,0.0006156815151959591,-0.005239812235728225,-0.030555873743256468,0.25144259497712107,0.1951657057927628,-0.00895242519477819,-0.03820503513005551,-0.008928959065079052,-0.07123768106626673,-0.0013606561201889786,0.010600938758505131,-0.018041578727350377,-0.5878273810386849
0.18021373189389817,-0.11185877048405152,0.0008728252916397228,0.0,0.0012519429265159194,-0.0002700140475604437,0.0,1.3183765613926747e-06,-0.10093734337505947,-0.04418353704662424,0.035953776770731125,0.0,-0.018250143385541887,-0.009616689072119499,0.0,0.0,0.001354215395798852,0.11209720549340824,-0.001429644765266365,0.0,1.908500620873156e-08,0.0,-0.7020370766384167,-2.331590801781205,0.0,-0.008738875149930863,-0.003762212798767414,0.0,-15.497993308591342,1.0930554773100343,0.006239756423764266,-1.2230100345571882,0.0,-0.10260142613089326,-0.002267246105091248,0.0,0.0,0.08794079975024782,-1.5386195779398981,-0.2582016526066932,0.0035238578878972436,0.004327138740935772,-0.496468632840551,-0.0008910331647339481,0.02558284337455011,0.045621993543935764,-1.2516241506654695e-07,0.0,0.0,-0.5468096195245493,-0.018680440862006847,-0.007290772883598903,-0.10562496213813409,-0.0002696690985422379,-1.506614142188361e-06,-0.02048330756035273,0.018222650925509738,-0.1641912438996313,-0.0020302131081733916,-0.49792977700041885,0.0002980508698500028,0.00048509966696802065,0.0,0.0,3.6521860586628323,-0.6039832609939662,0.0,0.0,-0.9686995985367367,0.0020548711527752853,-0.11123010039861063,0.014417444418617519,2.5019514853219827e-06,0.35052127598081634,-0.1421914074778291,-2.165205224411897,0.0007083405155205609,0.609018078006241,-0.006379672452956238,0.7774557887330602,-0.021375710341892007,-0.1653420363280761,-0.009445962371057898,-0.21813279118487883,-0.009320629785877717,-0.10296522872949468,0.004568116090329734,0.003454193866027605,-0.05718700319235398,0.25305005999910474,0.2025783779993732,-0.009522928432697069,-0.04030937807709224,-0.009162719114404265,-0.06268330178397,-0.002133308068014164,0.0016855026442310697,-0.01804151113117347,-0.5889859352437464
0.04570719201231982,-0.11185877048405152,0.0004883548650956273,0.0,0.0012519429265159194,-0.0002700140475604437,0.0,4.7642787789700833e-07,-0.09978396517880597,-0.04418106220598732,0.03647458366169949,0.0,-0.018994148872800452,-0.009616689072119499,0.0,0.0,0.0007611100967262613,0.11132480291055102,-0.001429644765266365,0.0,5.8167052479650244e-09,0.0,-0.7020509448826181,-2.3610288774173673,0.0,-0.008738875149930863,-0.003762212798767414,0.0,-15.521457907376677,0.9990879586972135,0.006239756423764266,-1.233366518117815,0.0,-0.1118803601388146,-0.003871720816604434,0.0,0.0,0.08794079975024782,-1.5369440937159533,-0.2582016526066932,-0.0007047715775794503,0.005825054829420494,-0.4956548367808684,-0.0009134896709448795,0.024618057856739182,-0.007069919002735486,-1.9040506354331844e-07,0.0,0.0,-0.5468096195245493,-0.01853005474909139,0.024054550988805767,-0.1012506806473132,-0.0007783259315007011,7.337871820392286e-06,-0.02048330756035273,0.017543061897159755,-0.16431731165889357,-0.0035242974803164316,-0.49793143488638064,0.00018393711619489188,-0.0011514282289877562,0.0,0.0,3.9582759851651526,-0.6041027817506083,0.0,0.0,-0.9716983726745865,0.003059518641604829,-0.11305180569635205,0.014417444418617519,1.0424797855508244e-05,0.3505218589784073,-0.14192218832304326,-2.165205224411897,-0.014144914316382895,0.6249523555936399,-0.006379672452956238,0.7681768547251389,-0.021375710341892007,-0.16470302745993373,0.002509578135707711,-0.2097371413502524,-0.003582427166207334,-0.11120727416337187,0.0006156815151959591,0.003454193866027605,-0.05627376847190779,0.2531243868316941,0.2025783779993732,-0.00788113053288679,-0.03398282782833209,-0.008917687460216824,-0.06268330178397,-0.0013606561201889786,0.01057683612983882,-0.019555571961819285,-0.5890539235698542
0.04570719201231982,-0.11185877048405152,0.0005801962395834582,0.0,0.0012519429265159194,0.00016500858462027102,0.0,4.941863846123595e-07,0.1820857282200437,-0.04419583264575826,0.038605064389152094,0.0,-0.018993271241405353,-0.009513014625921652,0.0,0.0,0.0009031347829212818,0.017916713007363208,-0.0030805157707778016,0.0,-5.8167052479650244e-09,0.0,-0.702077934590342,-1.3899346193879731,0.0,-0.009360351638144578,-0.003762212798767414,0.0,-15.956450622037785,1.0170588327731194,0.006714288163706721,-1.4187323055435337,0.0,-0.11240116702978298,-0.0038812035348015626,0.0,0.0,0.08794079975024782,-1.5297914497200302,-0.2582016526066932,0.005904512692100346,0.004398103549623118,-0.49555796002355595,0.000945861990716855,0.02584777032841237,-0.006697301864527325,-1.9040506354331844e-07,0.0,0.0,-0.5468096195245493,-0.010546454897159288,-0.0055018938111213375,-0.10161862645474269,-0.0002696690985422379,-2.001237769197898e-06,-0.02057094314119278,-0.04238028628948525,0.05489833541750662,-0.0020302131081733916,-0.49880706656072243,0.00021248944632318393,0.0005596246362257291,0.0,0.0,3.728917456190175,-0.7567649096552548,0.0,0.0,-0.9713657154668233,0.003059518641604829,-0.11204013362148812,0.014417444418617519,2.5019514853219827e-06,-0.12369368902716801,-0.13470972108780216,-2.1658495208944877,0.0006788112852931979,0.6214750427903756,-0.00702822658774652,0.8898488652759464,-0.04637650722132647,-0.16580710024816,0.001988771244739347,-0.1898456352874892,-0.015347191073454305,-0.15212350910755004,0.0005925546132065024,0.003454193866027605,-0.05681299901030146,0.3256134581743781,0.1951657057927628,-0.0015543825588877963,-0.034154206651625926,-0.008355786506615935,-0.07123768106626673,-0.0013606561201889786,0.009502805035887525,-0.019294366160239024,-0.5892581817773874
0.18064798825043346,0.11185877048405146,0.0008728252916397228,0.0,0.0012519429265159194,0.00016500858462027102,0.0,4.7642787789700833e-07,-0.10137947042929049,-0.0463500996444233,0.036888242586852756,0.0,-0.018250143385541887,-0.009513014625921652,0.0,0.0,0.001354215395798852,0.11209720549340824,-0.0005773465345187273,0.0,5.8167052479650244e-09,0.0,-0.702077934590342,-2.322897276790056,0.0,-0.017691418005918478,-0.003762212798767414,0.0,-15.856813110039335,1.1170558783846083,0.006714288163706721,-1.413063598178244,0.0,-0.055094554247545356,-0.003843459963496371,0.0,0.0,0.08794079975024782,-1.91019311286827,-0.2582016526066932,0.0035238578878972436,0.005825023954213394,-0.4827488590468411,0.0016128555848153037,0.024618057856739182,-0.006700806246695877,-1.9040506354331844e-07,0.0,0.0,-0.5468096195245493,-0.018680440862006847,-0.0075562412381944555,0.07450199426772994,0.0002696690985422457,7.337871820392286e-06,-0.020532920062934144,-0.031088520993291964,0.05489833541750662,-0.0020302131081733916,-0.49550006715773076,0.0002980508698500028,0.0006174754531732072,0.0,0.0,3.7834936000330903,-0.7566406164257263,0.0,0.0,-0.9714774641115269,0.0016235677984767043,-0.11021405482211837,0.014417444418617519,2.5019514853219827e-06,0.3510688360610177,-0.13354789970374126,-2.1658495208944877,0.0006863322043822592,0.6810942373968912,-0.005468707226055844,0.5777760150308415,-0.021375710341892007,0.1645774403673216,-0.0037873479640612353,-0.19373584730551036,0.004880269590385047,-0.14728207698249082,0.0005925546132065024,0.009086286352480127,-0.019124691124996707,0.3256134581743781,0.1982535920826118,0.003796137738105161,-0.04030937807709224,-0.008556458713814564,-0.06757844239133093,-0.0013606561201889786,0.0051160372559721015,-0.018041578727350377,-0.5889859352437464
0.04570719201231982,-0.11185877048405152,0.0008728252916397228,0.0,0.0012519429265159194,0.00016500858462027102,0.0,4.7642787789700833e-07,-0.10137947042929049,-0.04418106220598732,0.03647458366169949,0.0,-0.018994148872800452,-0.009513014625921652,0.0,0.0,0.001354215395798852,0.11132480291055102,-0.001429644765266365,0.0,5.8167052479650244e-09,0.0,-0.7020702432812819,-1.396852088683288,0.0,-0.00872659437178664,-0.003762212798767414,0.0,-14.655211511416075,1.0503300731672702,0.006714288163706721,-1.222834589146631,0.0,-0.1118803601388146,-0.0038431483153284936,0.0,0.0,0.08794079975024782,-1.4704666272837745,-0.2582016526066932,0.0035238578878972436,0.005825040189694167,-0.49559002637070776,-0.0009368703629901373,0.024618057856739182,-0.006692744635704716,1.9040506354288476e-07,0.0,0.0,-0.3931539935984872,-0.018680440862006847,-0.007709954600679893,-0.10123175121522959,-0.0002696690985422379,-2.001237769197898e-06,-0.020532920062934144,-0.031088520993291964,0.05493752871531636,0.0021145784881898572,-0.4728991382947294,0.0002980508698500028,0.0006174754531732072,0.0,0.0,11.312476671231249,-0.7571024867577724,0.0,0.0,-0.9494349394437964,0.003059518641604829,-0.1102137796752675,0.014417444418617519,3.335935313762646e-06,0.3505218589784073,-0.13882477413666836,-30.788580323805053,0.0006727626169043362,2.5925055133017643,-0.006379672452956238,0.7681768547251389,-0.021375710341892007,-0.1654370980879799,0.002509578135707711,-0.211307166981948,0.004880269590385047,-0.12038321682751181,0.0005925546132065024,0.003454193866027605,-0.05718700319235398,0.3257609915317206,0.1982535920826118,-0.00719936037859224,-0.03397609675306289,-0.008987563560623536,-0.06757844239133093,-0.0013606561201889786,0.005172121752846988,-0.019555571961819285,16.478754725589305
0.18021373189389817,-0.11185877048405152,0.0005801962395834582,0.0,0.0012519429265159194,0.00016500858462027102,0.0,-7.127178120287721e-07,0.18214691258346888,-0.04419583264575826,0.03647458366169949,0.0,-0.018250143385541887,-0.009513014625921652,0.0,0.0,0.001038210919137232,0.11209720549340824,-0.001429644765266365,0.0,-4.213367900681149e-09,0.0,-0.7020702432812819,-1.349937732974589,0.0,-0.00872659437178664,-0.003762212798767414,0.0,-14.64678354001982,1.0718128017257045,0.006239756423764266,-1.4281894307242007,0.0,-0.1118803601388146,-0.003843978826176579,0.0,0.0,0.08794079975024782,-1.466097542382148,-0.2582016526066932,-0.0007047715775794503,0.004011464423111018,-0.49556538640893766,-0.0009368703629901373,0.021940200985570407,-0.006693141657558294,-1.9040506354331844e-07,0.0,0.0,-0.3931539935984872,-0.010572273645806624,-0.007861977234373228,-0.10123175121522959,-0.0002696690985422379,-2.001237769197898e-06,-0.020482882719891734,0.018222650925509738,-0.16515462122255642,-0.0035242974803164316,-0.47551661248594496,-0.0005666385235284907,0.0005596246362257291,0.0,0.0,11.06423866239384,-0.6039832609939662,0.0,0.0,-0.9827136177507578,0.003059518641604829,-0.1124328135856158,0.014417444418617519,2.5019514853219827e-06,0.35052193096684187,-0.1379754201696299,-30.787936027322463,0.00067330118649651,2.5913102458040504,-0.006379672452956238,0.890912337937906,-0.04637650722132647,-0.1643870469887475,0.002509578135707711,-0.2148168352629546,-0.009415606669436498,-0.11516565567177384,0.0005925546132065024,0.003454193866027605,-0.05681299901030146,0.25305005999910474,0.2023734900866654,-0.006641693688302657,-0.03819830405478631,-0.008963940704994495,-0.06268330178397,-0.0013606561201889786,0.0009360420546407691,-0.01760163563754455,16.478482479055664
